"iso3","country","region","income","life_exp","infant_mort","fertility","pop65","urban_pct","gdp_pc","health_exp_pct","internet_pct","prim_enr","sec_enr","ter_enr","prim_compl","educ_exp","mobile","broadband","fixedline","agri_va","ind_va","manuf_va","serv_va","exports","imports","trade","capform","cons_hh","cons_gov","tax_rev","inflation","gni_pc","gdp_growth","pop0014","pop1564","dep_ratio","dep_old","dep_young","pop_tot","pop_grow","death_rate","birth_rate","net_migr","rural_pct","urb_grow","lgst_city","land_area","pop_dens","agri_land","arable","forest","air_pax","air_dep","credit_priv","fdi"
"AFG","Afghanistan","Middle East, North Africa, Afghanistan & Pakistan","Low income",65.617,51.6,4.932,2.355,25.394,357.261,23.088,15.866,NA,NA,NA,NA,NA,56.266,0.08,0.4,33.701,16.05,10.19,45.05,18.38,54.505,72.885,16.7,97.611,21.845,NA,13.712,370,-6.24,43.58,54.065,84.962,4.356,80.606,40578842,1.436,5.993,36.045,-647402,74.606,1.617,43.261,652230,62.216,58.742,11.974,1.853,1157419,7730,NA,NA
"ALB","Albania","Europe & Central Asia","Upper middle income",78.769,8.3,1.355,15.776,57.864,7756.962,7.536,82.614,96.371,97.322,62.648,101.176,2.73,98.395,20.699,6.268,16.984,23.025,7.505,46.299,37.197,47.501,84.698,26.802,71.357,12.144,18.061,6.725,7720,4.827,17.222,67.001,49.251,23.546,25.705,2451636,-1.543,8.709,10.305,-16426,42.136,-0.925,36.06,27400,89.476,41.445,21.828,28.792,332534,2893,33.791,7.579
"DZA","Algeria","Middle East, North Africa, Afghanistan & Pakistan","Upper middle income",76.129,20,2.817,6.187,74.18,4960.303,3.635,74.782,105.747,104.55,53.388,93.929,4.749,107.787,10.352,12.261,10.647,43.052,10.217,42.746,30.792,20.399,51.19,35.098,37.969,16.54,NA,9.266,4430,3.6,30.841,62.972,58.801,9.825,48.976,45477389,1.588,4.602,20.491,-14684,25.82,2.345,8.46,2381740,19.094,17.351,3.162,0.826,4621351,47530.666,18.24,0.107
"AND","Andorra","Europe & Central Asia","High income",84.016,2.6,1.071,14.969,88.755,42414.059,7.521,94.052,90.466,98.51,34.641,NA,2.647,142.426,51.205,63.824,0.487,11.145,3.576,78.192,NA,NA,NA,NA,NA,NA,13.62,NA,47600,9.565,12.656,72.375,38.169,20.683,17.486,79705,1.697,5.948,6.85,1102,11.245,1.8,NA,470,169.585,39.907,1.591,34.043,NA,NA,NA,17.57
"AGO","Angola","Sub-Saharan Africa ","Lower middle income",64.246,33.7,5.209,2.773,69.051,3598.537,2.6,35.838,NA,NA,NA,NA,2.385,66.601,0.387,0.264,19.43,35.947,6.716,44.481,36.013,20.525,56.538,14.506,52.641,17.364,13.028,21.355,2290,3.557,44.758,52.469,90.59,5.286,85.304,35635029,3.143,7.097,38.102,-995,30.949,4.306,36.383,1246700,28.583,36.947,4.319,52.536,895730,10061,7.025,-5.146
"ATG","Antigua and Barbuda","Latin America & Caribbean ","High income",77.483,7.4,1.58,10.729,24.511,20003.391,4.431,71.923,121.563,107.8,NA,123.355,2.504,200.541,10.682,29.427,1.966,19.758,2.704,68.247,55.002,63.3,118.303,NA,NA,NA,NA,7.531,18730,8.498,18.573,70.698,41.448,15.176,26.272,92840,0.53,6.771,12.001,0,75.489,0.268,NA,440,211,20.455,9.091,18.162,35515.2,1057,38.364,16.467
"ARG","Argentina","Latin America & Caribbean ","Upper middle income",75.806,8.4,1.482,12.034,92.113,13962.189,10.16,88.375,106.76,114.148,107.104,100.31,4.793,131.484,24.683,15.506,6.542,24.112,16.417,53.534,16.282,15.299,31.58,17.386,65.929,15.703,11.065,72.431,11890,6.021,22.751,65.215,53.339,18.453,34.886,45407904,0.211,8.797,10.926,5589,7.887,0.302,36.747,2736690,16.592,43.428,15.749,10.361,16302525,121417,12.889,2.398
"ARM","Armenia","Europe & Central Asia","Upper middle income",74.766,9.3,1.7,12.915,65.562,6571.974,9.962,77.028,96.945,91.711,57.182,93.825,2.492,130.54,17.73,12.692,10.147,25.437,11.432,55.616,51.571,52.308,103.879,22.255,66.805,11.676,21.827,8.641,5690,12.6,19.863,67.222,48.76,19.213,29.548,2969200,0.233,9,12.3,38001,34.438,0.546,56.097,28198.32,105.297,58.613,15.701,11.634,268520,2982,52.554,5
"AUS","Australia","East Asia & Pacific","High income",83.2,3.2,1.63,17.075,87.334,65169.519,9.892,96.119,99.133,133.277,106.241,NA,5.059,109.469,36.393,24.462,2.672,27.402,5.289,63.363,25.462,20.233,45.695,23.7,49.054,22.018,23.561,6.594,60790,4.253,18.236,64.689,54.585,26.395,28.189,26018721,1.289,7.3,11.6,140972,12.666,1.403,22.667,7692020,3.383,47.259,4.065,17.421,55739422.457,548583,133.644,4.052
"AUT","Austria","Europe & Central Asia","High income",81.295,2.8,1.41,19.79,68.998,52336.773,11.225,93.614,100.776,101.458,94.512,97.159,5.277,121.166,29.234,40.576,1.346,25.844,16.652,62.436,61.427,62.152,123.58,29.237,50.951,20.536,26.126,8.547,56310,5.331,14.346,65.864,51.828,30.046,21.781,9041851,0.956,10.3,9.1,157365,31.002,1.282,31.417,82520,109.572,31.477,16.003,47.206,40099423,293077,89.184,3.022
"AZE","Azerbaijan","Europe & Central Asia","Upper middle income",74.125,13.9,1.67,7.527,58.438,7770.594,3.415,88,99.808,90.953,41.002,99.703,3.047,107.506,20.366,15.941,4.612,56.147,5.283,32.071,59.987,26.995,86.982,12.004,43.363,11.642,15.448,13.852,5670,4.715,22.798,69.676,43.522,10.802,32.719,10141756,0.04,6,12.1,9086,41.562,0.163,40.514,82650,122.707,57.84,25.31,13.972,2171085,17594.1,18.298,-5.678
"BHS","Bahamas, The","Latin America & Caribbean ","High income",74.491,11.6,1.379,11.252,81.32,34957.161,7.043,92.256,NA,NA,NA,NA,2.624,101.624,21.136,21.755,0.414,9.504,1.079,80.31,37.159,38.824,75.983,23.816,62.134,13.174,15.531,5.605,33790,10.878,18.751,69.997,42.864,16.075,26.789,397538,0.293,8.558,10.942,1001,18.68,0.099,NA,10010,39.714,1.299,0.799,50.935,1303311.916,37847,NA,3.82
"BHR","Bahrain","Middle East, North Africa, Afghanistan & Pakistan","High income",80.992,7,1.839,3.499,100,30470.522,3.891,100,96.993,103.393,50.307,101.043,1.712,139.636,18.003,17.21,0.246,46.39,20.935,49.241,95.961,71.18,167.141,24.59,36.937,13.692,NA,3.626,28300,6.18,19.079,77.422,29.162,4.519,24.643,1524693,1.342,2.094,13.282,18975,0,1.342,45.16,790,1929.991,10.253,2.658,0.937,4692392,54027,NA,4.2
"BGD","Bangladesh","South Asia","Lower middle income",74.265,24.4,2.179,6.135,31.674,2716.486,2.215,41.617,107.802,67.038,23.501,96.616,2.085,109.867,7.17,0.17,11.218,33.92,21.765,51.038,12.882,20.898,33.78,32.047,69.077,5.699,NA,7.697,2850,7.1,28.77,65.095,53.622,9.425,44.197,169384897,1.024,5.037,20.583,-549990,68.326,1.895,41.897,130260,1300.36,72.371,60.784,14.459,5267081.561,54017,38.956,0.348
"BRB","Barbados","Latin America & Caribbean ","High income",75.676,9.6,1.712,15.699,59.354,24393.219,5.874,69.064,90.188,104.222,55.06,87.064,4.14,114.581,37.484,42.971,1.448,12.81,5.152,75.709,NA,NA,NA,NA,NA,NA,NA,NA,24760,15.945,17.725,66.576,50.205,23.581,26.624,282318,0.061,11.097,11.249,-80,40.646,0.115,NA,430,656.553,23.256,16.279,14.651,NA,NA,61.058,2.904
"BLR","Belarus","Europe & Central Asia","Upper middle income",74.103,2,1.326,16.507,78.473,7994.648,6.578,89.507,95.431,99.06,77.098,94.224,4.628,128.315,34.067,46.11,8.042,33.029,23.994,48.203,63.051,56.973,120.024,21.598,53.431,17.229,11.234,15.21,7210,-4.658,16.96,66.533,50.301,24.81,25.491,9228071,-0.804,13.246,8.062,-8000,21.527,-0.367,28.289,202990,45.461,39.874,27.617,43.335,1290254,12387,NA,2.177
"BEL","Belgium","Europe & Central Asia","High income",81.749,3.2,1.53,19.767,87.489,50639.026,10.74,94.008,102.177,142.918,83.574,NA,6.276,101.68,43.566,25.478,0.671,19.989,12.525,69.438,94.359,96.694,191.053,27.362,51.569,23.404,22.67,9.598,54330,4.025,16.53,63.703,56.978,31.03,25.948,11680210,0.808,10,9.8,118615,12.511,0.875,20.644,30494,383.033,44.566,28.319,22.604,10165432.504,105532,72.555,2.221
"BLZ","Belize","Latin America & Caribbean ","Upper middle income",72.19,10.9,1.949,4.708,42.137,7068.217,4.216,69.983,101.531,87.438,23.977,108.684,4.604,67.175,9.754,4.421,7.749,15.487,6.69,61.605,52.579,55.261,107.84,20.192,64.454,15.804,NA,6.277,6710,9.251,27.611,67.681,47.752,6.957,40.796,402733,1.851,5.409,17.391,5936,57.863,1.251,NA,22810,17.656,7.979,4.384,55.008,854134.339,102672,42.487,4.95
"BEN","Benin","Sub-Saharan Africa ","Lower middle income",60.475,47.8,4.634,3.063,50.963,1266.427,2.982,30.537,108.036,43.561,10.235,61.642,3.097,105.745,0.153,0.011,26.897,17.018,9.824,46.894,20.815,23.566,44.382,31.148,61.545,10.058,NA,1.351,1360,6.253,42.121,54.817,82.426,5.587,76.839,13759501,2.547,8.948,34.35,-192,49.037,4.063,16.952,112760,122.025,43.062,31.447,26.917,NA,NA,17.1,2.158
"BTN","Bhutan","South Asia","Lower middle income",72.754,15.1,1.478,6.246,40.937,3711.328,3.918,88.356,105.266,89.983,14.578,NA,7.47,95.13,0.632,2.506,14.671,31.825,8.727,51.197,25.499,60.072,85.571,55.779,57.777,21.017,NA,5.639,3600,5.214,22.039,71.715,39.44,8.709,30.731,780914,0.703,6.143,12.807,291,59.063,2.252,NA,38140,20.475,13.726,2.583,71.552,130456.715,2089,67.871,0.29
"BOL","Bolivia","Latin America & Caribbean ","Lower middle income",67.434,15.6,2.584,5.479,70.635,4219.461,7.159,72.623,99.196,90.373,NA,96.544,7.576,101.572,10.998,4.003,8.66,32.019,12.256,52.858,27.794,29.731,57.525,18.041,67.513,16.383,NA,1.746,4190,3.747,30.499,64.022,56.195,8.558,47.637,12077154,1.164,7.681,21.566,-3008,29.365,1.576,22.363,1083300,11.148,35.831,5.135,46.54,5078536,45750,62.948,0.012
"BIH","Bosnia and Herzegovina","Europe & Central Asia","Upper middle income",76.777,5.5,1.481,21.103,51.022,7655.594,8.716,78.846,101.605,87.037,45.606,100.881,2.97,118.944,27.319,20.31,4.826,24.663,14.371,54.502,48.307,61.898,110.205,27.903,69.057,18.662,19.091,14.021,7710,4.227,13.377,65.52,52.625,32.209,20.416,3204802,-1.244,14.05,7.748,-485,48.978,-0.196,21.067,51200,62.594,21.816,7.363,42.733,NA,NA,48.099,3.788
"BWA","Botswana","Sub-Saharan Africa ","Upper middle income",68.749,34.3,2.785,3.88,66.589,8328.709,5.737,57.9,109.273,NA,20.71,101.532,NA,178.205,4.532,3.759,1.58,37.457,5.385,56.428,43.479,42.591,86.07,26.792,40.58,27.982,19.65,11.666,7690,5.486,32.423,63.697,56.994,6.092,50.903,2439892,1.588,5.826,25.253,-7306,33.411,1.695,NA,566730,4.305,45.634,0.459,26.5,124414.5,3222.75,29.889,3.492
"BRA","Brazil","Latin America & Caribbean ","Upper middle income",74.872,12.6,1.629,10.252,87.35,9281.333,9.387,80.528,104.667,105.702,61,NA,5.619,101.245,20.953,12.963,5.767,22.819,13.074,58.087,19.631,19.185,38.816,18.088,63.064,18.402,14.726,9.28,8440,3.017,20.202,69.546,43.79,14.741,29.049,210306415,0.36,7.539,12.555,-253639,12.65,0.605,12.21,8358140,25.162,28.327,6.657,59.128,84337817,723961,70.606,3.868
"BRN","Brunei Darussalam","East Asia & Pacific","High income",72.917,8.7,1.764,6.202,74.777,36632.928,1.77,98.97,99.135,NA,31.193,NA,NA,116.108,19.805,26.836,1.096,67.926,11.626,32.52,86.389,60.585,146.974,25.851,23.255,20.124,NA,3.682,30970,-1.628,21.182,72.616,37.71,8.54,29.17,455370,0.805,6.559,13.847,0,25.223,0.819,NA,5270,86.408,2.543,0.759,72.106,351774,3542,31.556,-1.739
"BGR","Bulgaria","Europe & Central Asia","High income",74.161,5,1.78,21.697,73.48,13999.911,7.638,79.127,95.889,96.672,84.129,95.714,4.501,116.679,34.967,10.13,3.711,25.304,NA,59.894,69.979,68.865,138.845,22.688,57.919,18.28,21.726,15.325,13100,4.084,14.539,63.763,56.83,34.028,22.802,6465097,-0.651,18.4,8.8,26498,26.52,-0.469,27.087,108560,59.553,46.26,31.945,36.1,643765,6010,44.729,5.246
"BFA","Burkina Faso","Sub-Saharan Africa ","Low income",60.7,46.1,4.275,2.595,27.279,827.331,7.414,25.399,82.257,33.621,9.671,58.291,5.295,113.996,0.214,0.323,20.63,26.044,10.223,46.62,31.218,36.302,67.52,18.059,66.042,20.984,17.861,14.29,840,1.627,42.968,54.437,83.698,4.766,78.932,22509038,2.309,8.135,32.043,-24960,72.721,4.038,49.766,273600,82.27,53.35,28.901,22.355,94070,2006,31.649,3.596
"BDI","Burundi","Sub-Saharan Africa ","Low income",62.882,32.4,4.98,2.486,22.32,301.832,8.669,7.145,NA,NA,NA,NA,NA,56.26,0.03,0.112,35.331,16.075,11.236,43.674,NA,NA,NA,NA,61.457,25.721,NA,18.801,280,2.318,45.989,51.525,94.08,4.825,89.255,13321097,2.706,6.997,34.306,1995,77.68,8.276,38.317,25680,518.734,82.808,50.37,10.889,NA,NA,35.07,0.628
"CPV","Cabo Verde","Sub-Saharan Africa ","Upper middle income",75.907,11.5,1.533,6.329,75.034,4323.314,6.702,73.327,102.973,96.432,NA,99.099,4.725,113.247,6.568,10.971,4.954,11.079,4.753,69.005,38.684,58.31,96.994,21.879,75.381,22.365,NA,7.931,4550,15.844,27.175,66.497,50.383,9.517,40.866,519741,0.597,5.004,12.438,-1253,24.966,1.767,NA,4030,128.968,19.603,12.407,11.494,185363.15,3484,57.918,5.43
"KHM","Cambodia","East Asia & Pacific","Lower middle income",70.528,17.7,2.616,5.767,40.375,2325.031,4.469,65.491,106.332,55.135,14.607,87.257,1.958,113.392,2.964,0.223,16.544,40.865,27.122,36.385,72.207,73.667,145.874,34.595,60.018,5.9,13.519,5.344,2270,5.13,30.454,63.779,56.792,9.042,47.75,17201724,1.331,6.323,21.279,-31350,59.625,1.99,31.842,176520,97.449,34.812,23.341,43.944,388564.002,5304,132.817,8.948
"CMR","Cameroon","Sub-Saharan Africa ","Lower middle income",62.443,42.7,4.397,2.763,54.846,1604.877,4.494,40.126,112.495,45.607,16.437,70.437,2.66,89.827,2.129,3.243,16.546,27.13,13.364,49.405,19.322,21.965,41.287,19.107,73.029,10.508,NA,6.248,1660,3.737,42.058,55.179,81.23,5.008,76.222,27632771,2.629,7.673,34.268,-4798,45.154,3.161,28.615,472710,58.456,20.892,13.116,42.793,252403,5809,NA,2.087
"CAN","Canada","North America","High income",81.095,4.6,1.34,18.941,82.35,56496.928,11.081,94,94.734,107.468,78.849,NA,4.844,91.239,42.179,29.425,1.933,27.351,9.324,64.111,33.721,33.232,66.953,25.027,54.19,20.295,13.697,6.803,54070,4.695,15.548,65.511,52.645,28.912,23.733,38950132,1.84,8.7,9.1,459988,17.65,2.05,19.682,8788700,4.432,6.494,4.363,39.466,66876000,945478,NA,2.307
"CAF","Central African Republic","Sub-Saharan Africa ","Low income",18.818,206.8,6.023,2.144,43.275,467.36,9.95,13.754,NA,NA,NA,NA,2.115,38.822,0.016,0.041,36.217,21.157,18.342,42.428,12.3,32.933,45.234,24.327,97.365,8.335,NA,5.583,520,0.454,49.215,48.641,105.588,4.407,101.18,5098039,-0.275,55.126,45.425,-17430,56.725,0.701,42.298,622980,8.183,9.042,2.889,35.704,NA,NA,13.039,1.009
"TCD","Chad","Sub-Saharan Africa ","Low income",54.528,59.6,6.215,2.056,25.764,966.036,4.158,11.17,87.035,NA,NA,NA,2.602,65.438,0,0.01,35.228,33.064,7.454,28.348,31.735,16.253,47.988,17.972,57.741,8.805,NA,5.788,920,4.13,47.404,50.541,97.86,4.067,93.793,18455316,3.457,11.486,43.35,36670,74.236,5.545,32.233,1259200,14.656,39.976,4.209,3.249,NA,NA,NA,3.444
"CHL","Chile","Latin America & Caribbean ","High income",79.176,5.9,1.255,13.3,88.64,15399.104,10.005,92.318,100.192,106.068,99.337,100.269,4.912,135.114,22.79,11.337,3.236,31.004,9.502,55.396,35.622,39.612,75.233,25.767,63.492,14.731,21.345,11.644,15430,2.064,17.758,68.942,45.049,19.292,25.757,19553036,0.496,7.573,9.672,59374,11.36,0.692,39.563,742831.64,26.322,14.32,1.746,24.846,23742201,160105,112.67,6.234
"CHN","China","East Asia & Pacific","Upper middle income",78.202,4.8,1.034,13.782,65.218,12970.606,5.881,75.611,100.098,NA,71.58,NA,NA,124.195,41.374,12.589,7.148,37.895,25.981,54.958,20.228,17.285,37.513,42.355,37.777,16.663,7.518,1.974,13170,3.134,17.122,69.096,44.726,19.946,24.78,1412175000,-0.013,7.37,6.77,-293846,34.782,0.751,3.096,9388210,150.42,55.433,11.564,23.832,250754113,2513027,181.785,1.038
"COL","Colombia","Latin America & Caribbean ","Upper middle income",76.508,11.2,1.663,9.007,78.046,6680.445,7.59,72.796,104.83,101.574,59.29,97.117,NA,156.195,17.007,14.592,8.832,26.123,11.148,54.909,20.388,27.894,48.283,19.787,73.714,14.005,15.263,10.177,6560,7.328,20.953,70.04,42.775,12.859,29.916,51737944,1.068,5.881,13.731,183180,21.954,1.341,28.094,1109500,46.632,37.641,2.211,52.946,39535306,481253,44.188,4.971
"COM","Comoros","Sub-Saharan Africa ","Lower middle income",66.481,37,3.935,4.455,32.775,1533.878,8.471,31.374,98.072,54.806,NA,67.226,2.432,100.549,0.219,0.883,35.164,9.639,7.501,51.759,12.947,37.442,50.389,13.335,101.551,9.609,NA,12.532,1630,2.454,37.719,57.826,72.932,7.705,65.228,834188,1.938,7.3,29.062,-2002,67.225,3.05,NA,1861,448.247,71.467,34.927,17.217,NA,NA,16.301,0.323
"COD","Congo, Dem. Rep.","Sub-Saharan Africa ","Low income",60.979,57.6,6.106,3.066,44.003,687.739,3.942,17.996,NA,NA,NA,NA,2.845,48.677,0.032,0,10.337,41.957,9.489,43.759,40.82,45.002,85.822,36.686,50.262,17.234,10.662,NA,610,9.311,46.112,50.822,96.766,6.033,90.733,102396968,3.223,8.93,41.623,-14991,55.997,4.077,34.684,2267050,45.167,15.304,6.397,54.675,956682.876,8186,8.54,2.001
"COG","Congo, Rep.","Sub-Saharan Africa ","Lower middle income",65,28.5,4.215,2.85,63.642,2620.838,2.3,40.987,NA,NA,NA,NA,2.727,93.626,0.436,0.292,8.042,49.246,NA,37.315,63.812,34.349,98.161,20.979,37.721,11.837,NA,3.043,2170,1.475,41.256,55.894,78.911,5.099,73.812,6035104,2.397,6.571,30.941,-995,36.358,2.435,66.464,341500,17.672,31.19,1.611,64.176,55954.93,715,12.766,3.365
"CRI","Costa Rica","Latin America & Caribbean ","High income",79.316,8.6,1.335,11.262,78.441,13971.765,7.184,82.598,106.197,131.908,NA,93.171,5.547,136.518,21.758,9.667,4.03,20.663,14.134,67.53,40.589,38.464,79.052,18.38,64.734,14.761,13.999,8.275,13490,5.461,19.84,68.898,45.141,16.346,28.796,5081765,0.429,6.106,10.319,1006,21.559,1.01,36.158,51060,99.525,33.144,3.273,60.079,1551970.4,34907,51.359,7.34
"CIV","Cote d'Ivoire","Sub-Saharan Africa ","Lower middle income",61.562,47.4,4.349,2.533,52.849,2333.371,3.638,38.413,86.455,54.071,11.113,64.668,3.475,161.232,1.252,0.866,16.584,23.045,12.811,52.966,24.267,28.599,52.866,27.485,67.377,9.469,11.818,5.234,2440,6.4,41.663,55.805,79.197,4.539,74.658,30395002,2.516,7.816,32.5,26777,47.151,3.526,34.337,318000,95.582,84.157,14.179,8.21,617913,11763,20.854,2.255
"HRV","Croatia","Europe & Central Asia","High income",77.576,3.9,1.53,22.485,56.998,18465.531,7.296,82.072,100.528,105.578,80.763,100.282,NA,114.677,27.661,31.595,3.393,20.066,12.276,59.815,59.512,65.899,125.411,26.183,59.04,21.163,21.676,10.781,19370,7.295,14.301,63.214,58.192,35.569,22.623,3855641,-0.604,14.8,8.8,11681,43.002,-0.2,31.136,55960,68.9,25.876,15.243,34.741,1404393,22674,50.544,5.516
"CYP","Cyprus","Europe & Central Asia","High income",80.434,3.4,1.393,14.078,66.669,33231.051,8.272,89.601,98.952,103.828,105.385,101.473,4.742,146.716,36.766,31.333,1.186,10.375,4.298,77.156,104.666,101.087,205.754,20.595,57.833,17.994,23.03,8.395,31900,8.739,16.033,69.889,43.084,20.143,22.941,1331370,1.062,7.693,11.048,9014,33.331,1.058,NA,9240,144.088,13.316,10.262,18.668,440203,4009,70.807,0.173
"CZE","Czechia","Europe & Central Asia","High income",78.929,2.2,1.64,20.518,72.697,28282.224,8.471,84.54,100.975,102.936,70.815,103.11,4.303,128.105,37.714,11.625,2.076,29.219,19.395,59.744,72.409,71.602,144.011,31.033,48.564,19.595,18.149,15.1,27210,2.847,15.948,63.534,57.396,32.295,25.101,10672118,1.571,11.3,9.5,329739,27.303,1.593,16.989,77171.73,138.291,45.748,32.127,34.737,2176800,14313,48.635,3.029
"DNK","Denmark","Europe & Central Asia","High income",81.305,3.3,1.55,20.401,88.388,67781.094,9.474,97.86,100.244,130.327,84.587,99.886,6.356,126.484,44.886,12.663,1.002,20.669,12.824,66.43,70.755,61.241,131.996,24.777,43.652,22.056,30.728,7.697,72040,0.444,16.036,63.563,57.324,32.095,25.229,5903037,0.788,10.1,9.9,60219,11.612,0.931,26.26,40000,147.576,65.6,59,15.758,NA,NA,143.406,6.905
"DJI","Djibouti","Middle East, North Africa, Afghanistan & Pakistan","Lower middle income",65.54,45.8,2.653,4.627,72.611,3133.258,2.526,63.776,NA,NA,NA,NA,NA,46.777,1.412,2.456,2.631,15.031,5.027,76.389,159.251,143.035,302.285,-10.596,72.79,21.589,NA,5.172,3310,5.167,30.023,65.349,53.024,7.081,45.943,1137096,1.404,7.544,21.032,500,27.389,1.849,71.636,23180,49.055,73.503,0.129,0.257,NA,NA,19.834,5.249
"DMA","Dominica","Latin America & Caribbean ","Upper middle income",71.081,32.7,1.482,12.586,72.683,9323.661,5.973,80.58,100.809,105.388,NA,96.659,6.043,85.19,20.86,NA,12.944,12.607,3.952,58.652,NA,NA,NA,NA,NA,NA,NA,2.885,9740,10.397,18.293,69.122,44.671,18.207,26.464,66826,-0.561,12.908,11.146,-202,27.317,0.021,NA,750,89.101,33.333,8,63.827,NA,NA,45.849,2.716
"DOM","Dominican Republic","Latin America & Caribbean ","Upper middle income",74.211,29.1,2.267,7.287,72.42,10104.246,4.645,81.513,100.492,76.528,55.167,89.489,3.611,90.376,10.674,10.185,4.154,30.826,13.368,58.32,22.026,32.352,54.378,30.671,68.697,10.958,13.906,8.811,9150,5.238,27.192,65.521,52.623,11.122,41.501,11230734,0.96,5.899,18.255,-35153,27.58,0.266,42.512,48198.02,233.012,54.694,19.569,44.821,392830,8714,27.966,3.569
"ECU","Ecuador","Latin America & Caribbean ","Upper middle income",76.577,11.2,1.861,7.85,63.09,6515.585,7.602,69.718,99.568,94.134,59.88,99.467,3.613,98.131,15.113,9.225,7.393,29.584,12.885,58.203,30.925,30.956,61.881,22.406,64.089,13.536,13.089,3.466,6550,5.868,25.517,66.633,50.076,11.782,38.295,17823897,0.797,5.363,15.423,-23090,36.91,0.802,27.5,248360,71.766,21.533,3.922,49.804,3211808,31594,52.38,0.76
"EGY","Egypt, Arab Rep.","Middle East, North Africa, Afghanistan & Pakistan","Lower middle income",71.01,21.8,2.75,4.828,42.633,4233.308,4.724,72.198,89.51,NA,36.462,NA,NA,90.679,10.683,10.319,10.946,32.711,15.971,51.429,15.087,21.896,36.983,19.856,79.685,7.268,NA,13.896,4040,6.588,32.851,62.32,60.461,7.748,52.714,112618250,1.486,5.675,21.091,13707,57.367,1.636,45.301,995450,113.133,4.077,3.117,0.045,12152219,99481,30.847,2.391
"SLV","El Salvador","Latin America & Caribbean ","Upper middle income",71.969,9.5,1.785,7.862,74.147,5074.601,9.82,60.056,89.13,65.227,31.454,79.719,3.268,183.249,9.738,13.737,4.559,23.732,13.769,60.455,32.433,56.268,88.701,24.472,80.552,18.811,21.162,7.199,4710,2.955,25.617,66.521,50.328,11.818,38.51,6280319,0.391,7.459,15.92,-23255,25.853,1.017,23.852,20720,303.104,57.708,34.797,27.745,2390600,21307,62.613,0.082
"GNQ","Equatorial Guinea","Sub-Saharan Africa ","Upper middle income",63.355,50.7,4.17,3.568,70.891,7589.3,2.837,63.66,NA,NA,NA,NA,NA,49.538,0.101,0.631,2.49,56.211,25.393,40.976,52.967,28.846,81.813,7.338,46.379,22.162,6.596,4.787,5210,3.224,37.678,58.754,70.2,6.072,64.128,1803545,2.513,8.015,30.123,3997,29.109,2.863,35.582,28050,64.298,3.74,1.889,86.692,170923,4750,8.082,10.142
"EST","Estonia","Europe & Central Asia","High income",77.844,1.7,1.41,20.63,70.489,28340.383,6.936,91.52,99.264,112.552,71.425,98.522,5.207,152.271,39.722,19.698,2.446,23.091,11.996,62.701,87.43,88.257,175.687,27.92,52.794,19.156,21.099,19.398,27580,-1.226,16.233,63.137,58.386,32.675,25.711,1348840,1.337,12.8,8.6,39754,29.511,1.779,47.516,42730,31.567,23.075,16.546,57.065,NA,NA,57.227,4.53
"SWZ","Eswatini","Sub-Saharan Africa ","Lower middle income",63.028,45.9,2.801,4.015,25.397,3894.162,7.245,57.344,117.196,NA,NA,105.579,5.573,121.492,2.185,3.182,7.571,34.686,29.622,50.776,44.495,48.076,92.572,22.093,61.502,19.987,NA,NA,3650,0.386,33.951,62.034,61.201,6.472,54.729,1218917,1.016,8.1,24.611,-8549,74.603,2.528,NA,17200,70.867,69.477,10.291,29.069,36157,1943,21.343,0.281
"ETH","Ethiopia","Sub-Saharan Africa ","Low income",66.897,48.3,4.082,3.124,22.737,982.103,2.853,17.984,84.632,NA,NA,60.901,3.736,56.964,0.452,0.688,37.642,22.718,4.241,36.554,8.244,18.352,26.595,25.342,77.404,7.362,4.497,33.89,960,5.322,39.706,57.17,74.918,5.465,69.452,125384287,2.623,6.093,32.413,-11996,77.263,5.433,18.338,1128498.8,111.107,34.078,14.533,14.996,10769724,117169,NA,2.98
"FJI","Fiji","East Asia & Pacific","Upper middle income",67.148,23.2,2.305,6.209,58.135,5414.121,4.018,72.565,112.26,95.307,68.779,116.084,3.938,111.749,2.534,4.5,14.193,17.794,11.704,55.013,49.98,69.233,119.214,21.831,76.289,21.133,18.496,6.079,5250,17.745,27.702,66.088,51.312,9.395,41.917,919422,0.295,9.299,18.242,-3557,41.865,1.113,NA,18270,50.324,17.055,4.204,63.13,1168544.946,6708,118.382,2.081
"FIN","Finland","Europe & Central Asia","High income",81.188,1.9,1.32,23.229,73.697,50440.56,9.742,92.989,98.619,144.852,104.944,98.383,6.376,128.023,34.295,3.25,2.241,25.181,15.755,59.428,46.285,48.278,94.563,27.285,50.54,24.167,21.199,7.124,54120,0.763,15.221,61.55,62.469,37.739,24.729,5556106,0.272,11.4,8.1,60353,26.303,0.715,32.427,303947.7,18.28,7.455,7.373,73.726,9040754,90513,96.198,4.667
"FRA","France","Europe & Central Asia","High income",82.129,3.4,1.78,21.377,78.759,40988.64,11.829,85.333,102.709,104.316,71.511,NA,5.324,115.951,48.25,57.137,1.72,15.769,9.301,71.758,36.616,39.347,75.963,24.023,54.083,24.625,24.55,5.222,46010,2.717,17.031,61.591,62.361,34.708,27.652,68184457,0.502,9.9,10.7,179377,21.241,0.531,20.749,538950,126.514,52.674,31.525,32.322,59323269,487133,119.29,4.018
"GAB","Gabon","Sub-Saharan Africa ","Upper middle income",67.713,27.5,3.712,4.011,91.224,8409.207,2.891,67.672,NA,NA,NA,NA,2.208,123.233,3.305,1.785,6.506,56.13,20.8,33.438,67.579,24.484,92.063,16.027,30.072,10.807,NA,4.231,7150,3.038,36.774,59.215,68.877,6.774,62.102,2430747,2.248,6.519,28.3,987,8.776,2.727,38.642,257670,9.434,8.357,1.261,91.228,NA,NA,NA,5.404
"GMB","Gambia, The","Sub-Saharan Africa ","Low income",64.859,34.7,4.078,2.89,63.287,836.245,3.537,48.225,97.278,NA,NA,80.332,2.892,106.782,0.216,2.392,22.86,15.589,1.431,55.63,8.57,36.152,44.722,28.624,91.55,8.362,NA,11.513,830,5.493,41.184,55.926,78.808,5.167,73.641,2636470,2.32,6.635,30.771,-3000,36.713,3.164,28.14,10120,260.521,62.648,43.478,22.846,NA,NA,9.62,10.5
"GEO","Georgia","Europe & Central Asia","Upper middle income",74.141,7.7,1.82,15.087,60.01,6729.847,8.296,78.711,102.728,103.71,79.325,110.788,3.755,154.014,28.334,8.327,6.632,21.33,9.723,59.049,52.479,62.217,114.695,24.067,73.142,12.529,22.902,11.898,5690,10.959,21.197,63.716,56.947,23.678,33.268,3712502,0.105,12.211,11.612,26999,39.99,1.077,48.492,69490,64.952,34.306,4.547,40.616,167072,1834,63.073,9.037
"DEU","Germany","Europe & Central Asia","High income",80.608,3.1,1.455,22.459,81.787,50506.518,12.447,91.63,100.218,100.817,77.366,97.758,5.239,124.158,44.619,45.881,0.995,25.56,18.322,63.481,45.628,43.157,88.786,23.276,52.49,21.763,11.256,6.873,55200,1.809,13.913,63.629,57.162,35.297,21.865,83177813,-0.022,12.8,8.9,981552,18.213,0.167,5.249,349360,238.086,47.501,33.367,32.685,69045135,604220,81.079,1.823
"GHA","Ghana","Sub-Saharan Africa ","Lower middle income",65.246,29.4,3.434,3.562,57.251,2229.891,3.675,69.913,98.232,77.817,20.446,93.416,2.91,120.803,0.625,0.996,19.514,31.47,11.484,42.776,34.664,35.451,70.115,16.408,77.727,6.653,12.298,31.256,2270,3.805,36.529,59.909,66.919,5.945,60.974,33149152,1.92,7.095,26.596,-10003,42.749,2.895,19.129,227533,145.689,55.393,20.7,35.16,548131,13012,13.289,1.932
"GRC","Greece","Europe & Central Asia","High income",80.788,3.3,1.32,23.228,78.55,20884.677,8.449,83.171,101.366,106.599,166.39,99.896,3.375,109.027,42.923,46.84,3.785,16.72,9.721,67.719,49.232,58.89,108.122,18.809,70.952,19.897,27.517,9.645,21980,5.522,13.848,62.924,58.923,36.915,22.008,10437805,-1.26,13.4,7.3,-53997,21.45,-1.054,38.466,128900,80.976,41.676,14.439,30.27,15309117,146667,52.457,3.696
"GRD","Grenada","Latin America & Caribbean ","Upper middle income",75.151,16.9,1.502,11.521,36.369,10469.387,4.997,68.42,NA,NA,NA,NA,4.038,95.759,29.767,14.533,4.12,16.14,3.375,64.345,NA,NA,NA,NA,NA,NA,NA,2.581,9980,7.31,20.22,68.258,46.502,16.879,29.623,116913,0.193,8.763,11.935,-190,63.631,0.429,NA,340,343.862,23.529,8.824,52.059,NA,NA,53.63,13.314
"GTM","Guatemala","Latin America & Caribbean ","Upper middle income",71.206,18.3,2.343,4.63,55.258,5356.924,7.168,54.404,102.998,45.893,NA,86.545,3.208,115.156,5.024,10.745,9.079,22.64,14.088,61.734,18.952,35.497,54.449,16.629,88.423,11.493,11.823,6.885,5220,4.155,32.714,62.656,59.601,7.389,52.212,17847877,1.406,5.281,21.063,-8463,44.742,2.048,30.788,107160,166.554,43.038,14.502,32.704,NA,NA,36.607,1.517
"GIN","Guinea","Sub-Saharan Africa ","Lower middle income",60.432,62.9,4.303,3.431,37.238,1416.596,3.833,31.314,NA,NA,NA,NA,2.007,95.317,0.006,0,28.382,26.503,12.745,37.52,45.419,48.747,94.165,14.014,72.193,17.121,NA,10.493,1280,3.972,41.57,54.999,81.821,6.238,75.582,14055137,2.483,9.3,34.381,-3997,62.762,3.531,39.139,245720,57.2,71.949,22.586,24.862,NA,NA,10.456,3.306
"GNB","Guinea-Bissau","Sub-Saharan Africa ","Low income",63.605,44.7,3.911,3.09,45.163,881.603,8.338,27.674,NA,NA,NA,NA,NA,125.935,0.219,0,39.668,12.668,7.006,43.569,14.752,31.242,45.993,22.119,75.407,18.964,8.713,9.391,960,5.458,39.705,57.205,74.81,5.402,69.408,2105529,2.242,7.224,30.458,-1400,54.837,3.197,67.573,28120,74.877,29.624,13.799,69.813,NA,NA,14.585,1.167
"GUY","Guyana","Latin America & Caribbean ","High income",69.888,24.8,2.437,6.222,26.454,17913.493,2.525,76.562,NA,NA,NA,NA,NA,112.565,12.936,15.044,10.03,67.821,1.867,19.27,NA,NA,NA,NA,NA,NA,NA,6.933,14680,63.335,29.403,64.375,55.341,9.666,45.675,821637,0.752,7.309,20.748,-6161,73.546,0.791,NA,211140,3.891,3.41,0.459,87.131,NA,NA,20.188,-20.362
"HTI","Haiti","Latin America & Caribbean ","Lower middle income",63.948,41.3,2.699,4.541,53.852,1748.409,3.208,47.775,NA,NA,NA,NA,1.027,65.189,0.307,0.012,20.417,26.328,20.072,51.024,3.914,25.86,29.775,15.882,99.151,6.913,NA,33.984,1610,-1.682,31.932,63.527,57.414,7.148,50.266,11503606,1.128,8.272,22.547,-32220,46.148,2.26,47.059,27560,417.402,65.131,36.466,12.376,37313,863,8.297,0.196
"HND","Honduras","Latin America & Caribbean ","Lower middle income",72.715,13.6,2.522,4.167,57.836,3003.29,8.155,56.881,82.294,53.861,NA,68.238,4.483,75.855,4.41,3.956,12.473,25.908,16.22,57.123,42.439,70.259,112.699,26.326,87.218,14.276,NA,9.09,2700,4.144,31.386,64.447,55.166,6.465,48.701,10463872,1.677,4.442,22.242,-5374,42.164,2.513,25.226,111890,93.519,31.96,9.098,56.46,351802,14652,70.084,2.413
"HUN","Hungary","Europe & Central Asia","High income",75.868,3.2,1.57,20.608,70.159,18428.029,6.647,89.143,105.576,102.852,60.275,98.626,3.801,105.794,36.534,29.381,3.144,24.215,16.777,57.632,89.81,95.16,184.97,34.254,50.389,20.707,23.429,14.608,19200,4.152,14.551,64.842,54.221,31.781,22.44,9605074,-0.269,14.2,9.3,41871,29.841,-0.336,26.343,91260,105.25,55.621,45.559,22.464,41287305,243125,36.042,-1.052
"ISL","Iceland","Europe & Central Asia","High income",82.12,2.2,1.589,15.111,94.179,76376.96,9.081,97.583,98.512,112.589,84.985,98.945,7.308,120.115,37.421,24.463,4.206,20.874,9.857,64.904,46.725,46.291,93.016,24.243,49.774,25.549,22.156,8.309,74620,8.857,18.378,66.511,50.352,22.719,27.632,382003,2.514,7,11.5,6535,5.821,2.48,NA,100830,3.789,18.566,1.2,0.522,3709948.4,33009,93.031,4.739
"IND","India","South Asia","Lower middle income",71.698,25.7,1.994,6.699,34.756,2279.981,3.396,55.9,111.084,81.178,32.67,NA,4.099,80.182,2.352,1.926,18.211,25.604,13.333,47.173,24.04,26.658,50.698,34.412,57.137,11.069,6.934,6.699,2360,7.609,25.488,67.813,47.464,9.879,37.585,1425423212,0.79,6.576,16.336,-1353478,65.244,1.695,6.473,2973190,479.426,60.056,51.805,24.449,139996043.466,1055351.999,38.186,1.537
"IDN","Indonesia","East Asia & Pacific","Upper middle income",70.925,16.3,2.149,6.825,57.493,4730.835,2.694,66.485,98.701,97.817,42.326,102.068,0.864,122.873,4.822,3.021,12.4,41.429,18.336,41.791,24.503,20.962,45.465,29.745,53.045,7.69,NA,4.209,4520,5.307,25.274,67.901,47.273,10.051,37.222,278830529,0.746,7.492,16.204,-37501,42.507,1.826,6.908,1892555.47,147.33,29.007,9.396,48.042,58991326,484692,35.288,1.873
"IRN","Iran, Islamic Rep.","Middle East, North Africa, Afghanistan & Pakistan","Upper middle income",76.799,11,1.704,7.629,76.334,4721.204,5.628,81.716,100.975,85.606,58.684,98.162,2.67,162.713,12.21,32.776,10.695,41.219,22.225,45.341,25.567,23.352,48.918,40.726,42.288,12.68,NA,43.488,4390,4.353,23.221,69.15,44.614,11.033,33.581,89524246,1.201,4.897,13.314,403190,23.666,1.649,13.728,1622500,55.177,29.009,9.676,6.642,18713104,156193,NA,0.355
"IRQ","Iraq","Middle East, North Africa, Afghanistan & Pakistan","Upper middle income",72.037,21.4,3.294,3.398,69.868,6520.732,4.332,78.716,NA,NA,NA,NA,NA,99.132,14.491,5.429,2.059,65.272,2.246,33.159,44.526,24.233,68.759,24.315,31.725,13.769,NA,4.995,5510,7.959,37.587,59.015,69.447,5.757,63.69,44070551,2.294,4.164,26.004,76821,30.132,2.294,24.396,434130,101.515,21.778,11.446,1.9,2710079,32299,9.541,-0.727
"IRL","Ireland","Europe & Central Asia","High income",82.51,3.3,1.51,15.162,63.892,105190.686,6.021,95.037,96.476,130.605,77.593,93.739,NA,110.609,31.536,23.922,1.173,40.756,37.098,53.512,139.506,98.249,237.755,22.884,24.319,10.973,16.763,7.829,75970,7.511,19.456,65.382,52.947,23.19,29.757,5212836,1.981,6.7,10.4,93535,36.108,2.317,37.71,68890,75.669,63.115,6.474,11.468,169377735,982865,25.442,-6.488
"ISR","Israel","Middle East, North Africa, Afghanistan & Pakistan","High income",82.7,2.7,2.89,12.303,91.498,54947.209,7.12,91.851,98.019,98.587,58.95,97.695,5.933,151.138,29.168,39.261,1.186,19.216,12.074,70.503,31.365,29.271,60.636,27.648,49.297,20.96,25.003,4.412,55460,6.364,27.804,59.893,66.963,20.542,46.422,9557500,1.966,5.4,19,50004,8.502,1.926,49.67,21640,441.659,24.704,12.408,6.47,5520059,40114,70.145,4.357
"ITA","Italy","Europe & Central Asia","High income",82.7,2.4,1.24,23.929,69.484,35653.904,8.85,85.061,101.565,101.354,73.896,97.153,4.068,131.674,31.191,33.323,1.89,23.279,15.382,64.597,35.099,36.917,72.017,24.598,58.382,18.839,24.606,8.201,39060,4.821,12.39,63.681,57.033,37.577,19.456,59013667,-0.202,12.1,6.7,231228,30.516,-0.198,10.481,295720,199.559,43.963,23.957,32.713,14670031.959,149145,69.587,2.942
"JAM","Jamaica","Latin America & Caribbean ","Upper middle income",71.481,16.9,1.372,7.537,57.988,6626.475,8.653,85.843,93.268,82.858,NA,NA,5.354,105.762,14.96,15.738,6.8,17.449,8.137,58.942,NA,NA,NA,NA,NA,NA,NA,10.35,6340,6.439,19.58,72.883,37.206,10.341,26.865,2839144,0.052,7.905,11.855,-10003,42.012,0.825,36.112,10830,262.155,38.504,11.08,55.832,NA,NA,46.19,1.694
"JPN","Japan","East Asia & Pacific","High income",83.996,1.8,1.26,29.403,91.978,35548.265,12.323,84.923,101.098,101.382,63.375,NA,NA,168.603,36.841,48.401,0.849,27.058,18.824,71.119,20.648,24.213,44.861,28.311,54.544,20.71,NA,2.498,44300,1.332,11.859,58.738,70.246,50.057,20.189,125124989,-0.444,12.9,6.3,175003,8.022,-0.331,32.388,364500,343.278,12.716,11.155,68.409,86456115,906188,186.793,1.083
"JOR","Jordan","Middle East, North Africa, Afghanistan & Pakistan","Upper middle income",77.088,12.6,2.679,4.142,92.405,4754.414,7.736,90.5,98.541,90.991,32.512,95.78,3.153,67.746,7.074,3.985,4.768,27.239,15.697,56.389,NA,NA,NA,NA,NA,NA,15.917,4.229,4810,2.747,31.853,64.005,56.238,6.472,49.767,11256263,1.702,3.163,20.922,-17445,7.595,2.012,21.243,88794,126.768,11.746,2.282,1.098,3179936,30461,76.754,1.799
"KAZ","Kazakhstan","Europe & Central Asia","Upper middle income",73.503,7.7,3.05,7.985,61.444,11255.34,3.746,92.297,99.224,94.043,57.246,100.528,4.362,125.642,14.474,14.149,5.247,34.979,13.424,52.644,41.569,26.765,68.334,24.976,49.437,10.499,12.062,15.028,9400,3.2,29.627,62.388,60.287,12.8,47.487,20034609,1.463,6.992,20.819,45755,38.556,2.139,15.907,2699700,7.421,79.366,10.99,1.301,9756366.526,81720,25.022,2.254
"KEN","Kenya","Sub-Saharan Africa ","Lower middle income",63.549,35.5,3.262,2.864,31.431,2109.563,4.322,29.406,98.552,83.774,NA,NA,4.511,121.169,1.476,0.116,21.036,17.527,7.741,55.415,15.957,24.318,40.275,19.054,75.688,12.213,14.599,7.66,2170,4.86,38.071,59.065,69.305,4.849,64.457,54252461,1.923,7.212,27.342,-10003,68.569,2.379,30.019,580876.3,93.398,49.483,11.418,6.217,3728989,56524,31.258,0.692
"KIR","Kiribati","East Asia & Pacific","Lower middle income",66.269,40.7,3.182,4.016,60.574,2078.765,10.526,84.998,102.157,88.685,NA,104.611,14.786,49.112,0.069,0,27.958,10.157,4.712,64.945,7.572,99.648,107.22,23.275,108.574,62.914,20.167,5.346,3280,5.09,35.08,60.905,64.19,6.593,57.597,130469,1.616,7.073,26.403,-395,39.426,3.175,NA,810,161.073,41.975,2.469,1.457,67218.199,5054,NA,1.574
"KOR","Korea, Rep.","East Asia & Pacific","High income",82.68,2.4,0.778,17.485,81.162,34822.405,8.86,97.169,99.005,97.818,102.813,96.016,5.409,148.684,45.454,44.049,1.448,32.511,26.498,58.071,45.295,45.29,90.585,33.325,49.032,17.638,17.159,5.09,38590,2.728,11.414,71.101,40.645,24.591,16.054,51672569,-0.187,7.3,4.9,87800,18.838,-0.186,23.786,97600,529.432,16.23,13.525,64.211,46853301,324333,162.77,1.392
"KWT","Kuwait","Middle East, North Africa, Afghanistan & Pakistan","High income",80.588,7.4,1.546,2.747,100,39981.769,4.2,99.747,NA,NA,NA,NA,6.582,168.35,1.363,12.474,0.402,65.766,7.874,44.821,60.449,30.47,90.919,16.549,32.583,20.889,NA,3.981,39120,6.759,19.216,78.038,28.143,3.52,24.624,4589643,5.113,1.752,10.849,368560,0,5.113,70.562,17820,257.556,8.418,0.449,0.351,7330465,53616,NA,0.41
"KGZ","Kyrgyz Republic","Europe & Central Asia","Lower middle income",72.049,15.1,2.8,5.199,34.7,1739.72,5.049,84.194,96.744,NA,54.218,96.345,7.169,106.926,5.605,3.1,10.997,24.194,13.643,51.016,46.337,87.449,133.787,35.641,88.686,16.786,19.542,13.923,1540,8.968,32.922,61.879,61.607,8.403,53.204,6975220,1.794,4.5,21.5,12596,65.3,1.644,44.712,191800,36.367,55.253,6.707,7.048,824742,5874,20.797,0.452
"LAO","Lao PDR","East Asia & Pacific","Lower middle income",68.715,29.3,2.455,4.417,38.068,2046.404,2.018,64.54,95.699,56.878,13.678,88.25,1.461,63.355,2.382,17.536,14.869,34.109,8.806,40.279,NA,NA,NA,NA,NA,NA,12.113,22.956,2300,2.707,30.917,64.666,54.641,6.831,47.81,7559007,1.41,6.265,21.693,-10003,61.932,3.344,24.55,230800,32.751,9.791,5.303,71.605,461727.244,6475,NA,4.695
"LVA","Latvia","Europe & Central Asia","High income",74.278,2.6,1.47,21.012,68.257,20221.104,8.104,91.03,99.418,104.765,91.33,98.448,4.32,115.203,25.989,12.275,5.114,20.581,11.985,61.649,77.501,82.391,159.893,24.67,59.506,20.714,17.142,17.31,20630,1.909,15.926,63.062,58.574,33.319,25.254,1879383,-0.271,16.4,8.5,22027,31.743,-0.16,48.715,62230,30.201,31.657,21.806,54.934,3664379.764,39036,30.999,3.203
"LBN","Lebanon","Middle East, North Africa, Afghanistan & Pakistan","Lower middle income",78.003,14.2,2.263,9.513,90.206,3654.358,4.913,81.465,76.454,64.502,58.176,68.127,1.332,74.015,7.292,16.093,1.19,2.391,NA,88.622,34.829,80.059,114.888,1.225,140.38,3.625,NA,171.205,4130,-0.622,27.185,63.301,57.975,15.029,42.946,5744489,0.46,5.769,16.372,-27507,9.794,0.728,46.955,10230,561.534,66.128,13.342,14.128,2385930,20503,NA,2.51
"LSO","Lesotho","Sub-Saharan Africa ","Lower middle income",56.812,59.9,2.716,3.793,41.67,1030.126,12.896,48.07,83.634,NA,NA,70.576,NA,68.1,0.398,0.295,5.951,30.489,16.283,50.066,46.506,95.868,142.374,27.377,86.772,35.212,30.443,8.272,1270,2.388,35.297,60.91,64.176,6.227,57.949,2286110,1.08,10.918,24.392,-6023,58.33,3.547,NA,30360,75.3,74.947,8.939,1.137,NA,NA,21.696,-0.332
"LBR","Liberia","Sub-Saharan Africa ","Low income",61.934,63.6,4.016,3.253,54.459,744.617,13.588,30.38,66.594,NA,NA,57.846,2.276,32.064,0.275,0.116,36.203,20.689,NA,37.343,NA,NA,NA,NA,NA,NA,NA,7.593,660,4.808,40.484,56.263,77.736,5.781,71.955,5373294,2.144,8.159,31.189,-5003,45.541,3.134,55.449,96320,55.786,19.965,5.191,78.456,NA,NA,14.787,3.093
"LBY","Libya","Middle East, North Africa, Afghanistan & Pakistan","Upper middle income",74.462,8.4,2.402,4.749,87.849,5986.637,4.744,80.647,NA,NA,NA,NA,NA,192.973,4.518,16.863,1.686,76.838,NA,26.576,91.981,64.341,156.322,10.52,29.274,32.482,NA,4.51,6010,-8.3,28.51,66.741,49.833,7.115,42.718,7223805,1.235,4.808,17.537,-2001,12.151,1.248,18.529,1759540,4.106,8.724,0.978,0.123,1065139.6,10943,10.719,1.623
"LTU","Lithuania","Europe & Central Asia","High income",75.644,2.9,1.27,19.861,68.287,24946.572,7.244,87.724,101.906,106.918,76.915,100.606,4.253,135.834,28.44,8.876,3.949,25.473,16.168,61.06,87.264,89.368,176.632,27.767,57.239,17.097,21.456,19.705,23840,2.465,15.049,65.09,53.633,30.513,23.12,2831639,0.825,15.1,7.8,72100,31.713,0.965,27.967,62604,45.231,46.503,36.617,35.204,29256,1550,35.898,3.425
"LUX","Luxembourg","Europe & Central Asia","High income",82.946,2,1.31,14.842,94.761,123719.659,5.609,98.242,99.484,107.84,21.033,77.837,3.745,139.651,38.327,39.806,0.242,9.114,3.912,81.129,222.308,189.869,412.177,17.033,32.463,18.064,26.709,6.336,84190,-1.097,15.879,69.279,44.344,21.424,22.92,653103,2.017,6.8,9.9,13194,5.239,2.201,NA,2574.46,253.685,51.471,24.08,34.454,2060543,47818,102.549,-391.555
"MDG","Madagascar","Sub-Saharan Africa ","Low income",63.068,44.1,4.036,3.268,31.54,504.059,3.149,17.812,132.888,NA,5.876,57.402,3.068,64.749,0.107,0.129,21.609,22.501,12.064,49.577,30.51,39.961,70.471,20.617,72.371,16.463,9.231,8.161,500,4.138,39.866,56.866,75.851,5.746,70.105,30437261,2.482,7.728,32.498,-1487,68.46,3.842,38.541,581800,52.316,70.29,5.156,21.319,250506,4236,18.619,3.049
"MWI","Malawi","Sub-Saharan Africa ","Low income",66.037,38.6,3.72,2.613,16.715,604.27,6.625,16.848,126.588,35.508,2.708,NA,2.749,59.65,0.072,0.046,27.598,16.907,10.75,49.236,11.342,32.274,43.617,15.933,82.153,21.408,13.504,20.954,610,0.921,41.933,55.453,80.332,4.712,75.619,20568728,2.568,5.803,31.738,-5231,83.285,3.932,35.554,94280,218.166,64.171,42.427,22.886,3594.5,1027,8.647,1.599
"MYS","Malaysia","East Asia & Pacific","Upper middle income",75.444,6.9,1.55,7.186,75.974,11754.568,3.9,97.399,89.787,78.834,36.985,84.5,3.499,138.208,12.175,24.395,8.962,38.974,23.338,51.016,76.808,69.617,146.425,23.586,57.609,11.613,11.631,3.379,11620,9.032,22.834,69.981,42.897,10.268,32.629,34695493,1.198,5.547,12.394,188154,24.026,1.812,31.941,328550,105.602,26.087,2.512,57.872,28006856.4,228366,113.07,3.685
"MDV","Maldives","South Asia","Upper middle income",80.76,5.3,1.583,4.082,41.064,11786.019,7.5,83.912,96.015,73.523,48.497,92.823,4.673,136.459,17.4,2.552,5.062,9.919,1.995,73.567,82.671,79.573,162.243,32.99,46.691,17.221,NA,2.331,10570,13.826,20.382,75.536,32.387,5.404,26.984,524106,1.529,2.329,11.396,-2674,58.936,2.322,NA,300,1747.02,19.667,13,2.733,1516025.005,36623,35.217,11.845
"MLI","Mali","Sub-Saharan Africa ","Low income",60.035,51.2,5.692,2.426,30.402,976.914,3.722,35.199,NA,NA,NA,NA,4.045,112.12,0.774,1.33,32.718,25.823,7.372,35.446,26.026,35.536,61.561,22.182,74.744,12.584,NA,9.621,1000,3.703,46.75,50.824,96.759,4.774,91.985,23072640,3.009,8.859,40.345,-39951,69.598,5.327,40.159,1220190,18.909,35.466,6.836,10.897,NA,NA,24.751,3.174
"MLT","Malta","Middle East, North Africa, Afghanistan & Pakistan","High income",82.298,5,1.08,19.284,95.6,35658.832,9.091,91.541,97.476,101.955,74.59,97.047,4.713,132.861,43.445,49.058,0.833,11.288,6.244,80.584,128.299,116.282,244.582,26.352,44.021,17.61,22.978,6.154,34840,2.593,13.211,67.504,48.139,28.568,19.571,531113,2.471,8,8.1,2480,4.4,2.561,NA,320,1659.728,27.344,24.375,1.438,1964262.009,15430,68.922,114.99
"MHL","Marshall Islands","East Asia & Pacific","Upper middle income",66.725,24.1,2.936,4.112,77.986,6455.66,13.608,64.267,108.976,91.704,41.335,98.712,7.701,39.706,2.35,4.858,20.58,9.591,2.52,69.063,39.978,88.36,128.338,26.439,71.993,62.079,NA,NA,7580,-0.701,34.618,61.27,63.213,6.711,56.502,40077,-3.168,6.862,21.989,-1829,22.014,-2.696,NA,180,222.65,38.889,2.778,52.222,12174.001,622,NA,-3.029
"MRT","Mauritania","Sub-Saharan Africa ","Lower middle income",68.281,32.1,4.77,3.209,58.812,1961.282,4.67,42.465,NA,NA,NA,NA,1.39,109.884,0.415,0.974,21.23,29.138,6.625,44.613,39.738,62.288,102.026,49.068,56.681,16.801,NA,9.525,2010,6.796,43.352,53.439,87.129,6.004,81.125,4875637,2.93,5.627,34.844,2999,41.188,4.49,49.924,1030700,4.73,38.527,0.437,0.293,393753.812,4915,NA,14.657
"MUS","Mauritius","Sub-Saharan Africa ","Upper middle income",73.515,13.9,1.33,12.396,39,10246.502,5.842,75.5,NA,NA,44.203,NA,4.841,164.309,26.196,36.211,3.555,18.066,11.801,65.965,67.029,80.635,147.664,20.411,70.443,15.945,19.038,10.774,11810,8.342,15.476,72.129,38.641,17.186,21.455,1262523,-0.301,10.3,9.7,-2824,61,-0.499,NA,1997,632.21,43.065,37.556,19.454,1111493,7601,72.369,4.22
"MEX","Mexico","Latin America & Caribbean ","Upper middle income",73.973,12.8,1.94,7.745,79.2,11405.794,5.709,78.632,102.005,98.358,46.406,102.239,4.06,105.721,20.607,20.618,3.898,33.164,21.486,58.131,42.932,45.866,88.798,22.77,70.559,11.131,13.404,7.896,10730,3.71,25.311,66.943,49.38,11.57,37.81,128613117,0.753,6.521,16.041,-108438,20.8,1.091,21.682,1943950,66.161,50.87,10.58,33.662,70196270,536535,34.249,2.673
"FSM","Micronesia, Fed. Sts.","East Asia & Pacific","Upper middle income",66.961,21.6,2.785,5.519,22.412,3703.667,12.627,39.028,87.106,NA,NA,83.144,NA,19.989,5.818,5.776,23.268,5.027,0.51,69.201,28.899,75.861,104.76,NA,NA,NA,NA,5.409,4020,-3.114,32.319,62.162,60.871,8.879,51.992,112114,0.438,7.613,22.509,-1159,77.588,0.523,NA,700,160.163,7.143,2.857,92.114,NA,NA,NA,NA
"MDA","Moldova","Europe & Central Asia","Upper middle income",71.546,14.7,1.694,15.117,42.405,5744.296,6.965,74.919,106.973,97.614,68.057,107.962,6.104,137.183,26.318,31.288,8.114,19.091,9.251,58.889,41.226,70.891,112.118,27.31,84.846,17.509,18.921,28.737,5540,-4.648,20.146,64.737,54.471,23.351,31.119,2528654,-2.621,13.07,10.545,89154,57.595,-1.212,45.756,32880,88.054,74.97,56.752,11.755,779683.818,6481.09,27.511,4.034
"MCO","Monaco","Europe & Central Asia","High income",85.746,2.3,2.114,37.061,100,226052.061,3.395,98.752,NA,NA,NA,NA,1.171,100.062,55.228,109.55,NA,12.276,NA,87.727,NA,NA,NA,NA,NA,NA,NA,NA,NA,11.266,12.901,50.038,99.846,74.066,25.78,38931,1.043,23.496,8.687,995,0,1.043,NA,2.084,18680.902,NA,NA,0,NA,NA,NA,NA
"MNG","Mongolia","East Asia & Pacific","Upper middle income",71.901,11.6,2.7,4.616,69.784,4993.515,8.852,81.077,93.347,93.551,67.7,96.12,NA,142.809,12.901,12.675,13.028,35.312,7.117,40.976,65.061,71.267,136.328,42.332,51.86,13.919,15.774,15.151,4340,5.033,32.885,62.499,60.003,7.386,52.617,3433748,1.467,5.6,19.5,0,30.216,2.285,68.631,1557510,2.205,71.91,0.729,9.098,358016,3679,40.977,14.605
"MNE","Montenegro","Europe & Central Asia","Upper middle income",76.188,2.1,1.8,17.146,65.401,10038.185,10.191,88.222,105.621,92.161,57.432,110.56,NA,207.278,31.892,31.009,3.997,13.433,3.751,63.155,51.345,74.111,125.456,27.583,77.119,18.065,NA,13.04,10420,7.74,18.471,64.383,55.321,26.631,28.69,623591,-0.234,11.3,11.3,26332,34.599,-0.12,NA,13450,46.364,18.885,0.669,61.487,318363,3711,47.155,13.939
"MAR","Morocco","Middle East, North Africa, Afghanistan & Pakistan","Lower middle income",75.161,15.9,2.256,7.51,62.512,3463.138,5.753,89.9,116.555,84.455,45.94,98.928,5.912,141.87,6.472,7.086,9.796,26.086,16.05,54.499,44.712,56.195,100.906,30.46,62.082,18.941,22.059,6.657,3700,1.813,26.404,66.086,51.318,11.364,39.955,37329064,1.009,5.572,17.035,-38594,37.488,1.32,16.458,446300,83.641,65.809,14.511,12.914,7466482,70399,87.536,1.748
"MOZ","Mozambique","Sub-Saharan Africa ","Low income",63.011,45.9,4.84,2.773,35.054,578.273,8.249,18.962,119.162,NA,NA,72.366,5.976,45.818,0.198,0.089,25.638,23.245,8.138,39.324,49.825,85.449,135.275,43.203,75.92,16.498,22.661,10.279,500,4.369,44.953,52.274,91.301,5.305,85.996,32656246,2.947,7.255,37.99,-34936,64.946,4.685,15.697,786380,41.527,52.773,7.185,46.119,549525,10265,20.72,16.004
"NAM","Namibia","Sub-Saharan Africa ","Lower middle income",64.19,38.8,3.248,3.523,49.529,4349.799,9.622,62.997,120.342,81.816,26.109,NA,9.392,100.558,3.292,2.97,8.759,27.112,11.159,55.41,40.458,58.804,99.263,19.974,75.364,23.007,27.167,6.081,4280,5.399,37.473,59.004,69.48,5.971,63.509,2889662,2.776,7.471,26.343,22212,50.471,3.733,32.219,823290,3.51,47.143,0.972,7.891,NA,NA,61.397,8.402
"NRU","Naoero","East Asia & Pacific","High income",61.93,8.7,3.379,2.432,100,15309.835,18.342,83.227,101.39,92.781,NA,NA,5.918,87.171,9.957,0,NA,NA,NA,NA,45.382,95.747,141.129,NA,NA,NA,35.203,NA,20890,0,38.323,59.245,68.803,4.105,64.697,11801,0.783,7.472,26.613,-144,0,0.783,NA,20,590.05,20,NA,0,13408,387,NA,-4.99
"NPL","Nepal","South Asia","Lower middle income",70.087,23.9,2.002,6.198,66.299,1385.911,6.53,45.451,121.235,84.103,14.844,101.509,4.136,121.114,8.518,2.702,20.914,12.181,4.832,52.425,6.702,42.271,48.973,37.644,85.004,8.413,NA,7.67,1380,5.631,28.937,64.865,54.166,9.554,44.611,29715436,0.812,6.888,19.643,-379321,33.701,1.047,7.721,143350,207.293,26.121,12.583,41.591,4438086,70432,94.467,0.16
"NLD","Netherlands","Europe & Central Asia","High income",81.615,3.4,1.49,19.901,94.986,59123.319,10.031,92.52,104.215,138.768,NA,NA,5.179,115.821,43.564,25.524,1.642,18.656,10.348,69.071,96.444,87.664,184.107,22.863,44.017,24.34,23.913,10.001,62110,5.007,15.351,64.748,54.446,30.737,23.709,17700982,0.953,9.6,9.5,224472,5.014,1.329,6.934,33670,525.72,53.579,29.819,11.03,35579242,272318,88.82,1.477
"NZL","New Zealand","East Asia & Pacific","High income",81.959,4.2,1.67,16.446,83.855,49141.632,10.568,93.073,96.557,114.775,77.01,NA,5.167,115.984,36.304,14.771,4.576,19.632,8.913,67.403,24.047,29.162,53.209,26.43,57.618,21.067,29.229,7.172,49090,3.345,18.64,64.913,54.051,25.336,28.716,5081700,-0.057,7.58,11.57,21404,16.145,-0.027,38.776,263310,19.299,37.017,2.024,37.719,11715300.913,157940.983,145.994,3.927
"NIC","Nicaragua","Latin America & Caribbean ","Lower middle income",74.463,12.6,2.24,5.239,58.995,2322.891,8.979,59.38,NA,NA,NA,81.72,3.8,104.278,5.008,3.205,16.803,25.944,14.444,46.361,49.896,65.559,115.455,21.744,79.979,13.94,19.861,10.467,2150,3.55,29.647,65.114,53.578,8.046,45.531,6730654,1.285,4.691,19.695,-7996,41.005,1.516,27.277,120340,55.93,42.305,12.49,26.654,NA,NA,29.7,8.232
"NER","Niger","Sub-Saharan Africa ","Low income",60.398,68,6.135,2.551,17.477,613.615,4.35,13.087,66.254,NA,NA,50.435,3.712,63.377,NA,0.249,41.457,17.752,6.921,35.766,10.146,27.001,37.146,33.767,68.34,14.748,NA,4.226,650,12.222,47.327,50.123,99.511,5.089,94.422,25311973,3.252,9.173,41.95,995,82.523,4.679,31.283,1266700,19.983,36.788,13.973,0.833,16149,468,12.41,6.219
"NGA","Nigeria","Sub-Saharan Africa ","Lower middle income",54.079,70.2,4.552,3.008,61.373,2899.16,4.21,39.147,NA,NA,NA,NA,0.349,99.585,0.043,0.043,28.552,19.169,9.137,51.175,NA,NA,NA,NA,NA,NA,NA,18.847,2940,4.319,41.952,55.04,81.687,5.465,76.222,223150896,2.093,11.953,33.192,-51680,38.627,3.41,11.236,910770,245.013,75.966,40.484,23.387,5212264.541,65701.363,9.562,-0.029
"MKD","North Macedonia","Europe & Central Asia","Upper middle income",74.425,3.7,1.6,17.048,61.953,7606.238,7.422,83.85,97.487,91.452,53.16,93.413,NA,111.303,28.004,23.833,7.28,23.024,13.185,56.367,72.785,93.362,166.147,36.017,69.538,15.022,17.688,14.205,7570,2.759,17.199,65.754,52.083,25.927,26.156,1831712,-0.294,12.3,9.9,-5296,38.047,0.14,53.401,25220,72.629,49.841,16.495,39.71,NA,NA,54.295,6.131
"NOR","Norway","Europe & Central Asia","High income",82.51,2,1.41,18.33,82.956,113122.131,7.909,99,98.967,119.443,97.642,99.279,5.432,111.657,45.664,2.661,1.518,47.867,4.78,43.455,53.58,26.342,79.922,20.997,34.142,17.623,30.31,5.764,97270,4.08,16.786,64.884,54.122,28.251,25.871,5457127,0.898,8.4,9.4,58040,17.044,1.013,23.659,364270,14.981,2.704,2.207,33.48,NA,NA,106.52,2.313
"OMN","Oman","Middle East, North Africa, Afghanistan & Pakistan","High income",77.911,8.5,2.449,2.658,80.012,23223.583,3.066,95.245,89.246,91.965,NA,86.59,4.383,136.801,10.883,9.082,2.108,59.485,10.521,42.326,63.251,42.495,105.745,27.321,34.271,17.652,NA,2.506,19270,7.986,26.221,71.122,40.604,3.737,36.868,4730226,4.98,2.13,16.353,339063,19.988,4.84,42.873,309500,15.283,4.737,0.267,0.008,5656180,104102,55.79,6.255
"PLW","Palau","East Asia & Pacific","High income",68.922,19.4,1.927,10.378,79.113,13934.952,14.878,82.567,92.014,89.053,51.527,92.149,3.576,135.143,6.994,34.653,3.304,12.216,1.078,75.866,15.438,88.214,103.652,44.222,87.318,42.27,NA,12.353,14100,-0.463,18.816,70.806,41.236,14.657,26.579,17759,-0.135,11.502,11.115,-20,20.887,-0.1,NA,460,38.607,9.348,0.652,90.37,NA,NA,NA,30.05
"PAN","Panama","Latin America & Caribbean ","High income",79.324,11.9,2.139,8.766,65.821,17378.607,9.046,67.284,101.563,NA,57.816,93.053,3.378,152.062,16.386,19.157,2.604,26.408,5.078,68.151,48.027,45.449,93.475,35.855,48.804,12.763,8.599,2.86,17130,11.039,25.67,65.564,52.524,13.371,39.153,4400773,1.266,4.751,16.239,7967,34.179,1.284,66.904,74180,59.326,29.406,7.617,56.498,13807991,113516,NA,3.093
"PNG","Papua New Guinea","East Asia & Pacific","Lower middle income",65.274,33.1,3.165,3.247,14.736,3102.294,2.615,18.257,111.086,NA,NA,NA,0.643,49.191,0.215,1.693,16.909,40.279,1.627,38.958,NA,NA,NA,NA,NA,NA,14.77,5.253,2690,5.707,34.115,62.638,59.648,5.184,54.464,10203169,1.882,6.846,25.16,-787,85.264,3.912,26.608,452860,22.531,3.103,0.729,79.028,1475719,41566,15.043,3.77
"PRY","Paraguay","Latin America & Caribbean ","Upper middle income",72.319,15.5,2.444,6.231,68.64,6189.102,7.735,76.259,91.029,82.307,NA,87.149,3.396,128.088,11.153,2.493,10.927,34.284,19.493,47.663,34.4,39.474,73.874,27.76,65.628,11.685,10.294,9.766,5900,-0.028,28.926,64.843,54.219,9.609,44.61,6760464,1.135,6.359,20.356,-12500,31.36,3.097,74.398,396012.042,17.071,54.107,11.518,39.25,321913,4628,51.094,2.044
"PER","Peru","Latin America & Caribbean ","Upper middle income",76.834,11.6,2.004,8.811,84.366,7353.746,6.097,74.675,114.349,103.591,NA,NA,3.84,124.119,9.45,5.37,7.171,34.917,12.389,49.721,28.82,28.453,57.273,22.357,63.887,13.389,NA,8.334,6930,2.818,24.765,66.424,50.548,13.264,37.283,33475438,0.959,6.389,16.183,33982,15.634,1.456,39.107,1280000,26.153,19.051,3.061,56.238,14774576,106349,45.649,4.628
"PHL","Philippines","East Asia & Pacific","Upper middle income",69.472,22.4,1.929,5.041,54.79,3548.069,5.156,75.211,90.613,92.291,38.401,86.332,3.58,147.429,7.639,4.211,9.552,29.221,17.229,61.227,28.387,44.042,72.43,24.686,75.925,15.044,14.619,5.821,4010,7.581,29.331,65.628,52.375,7.682,44.693,113964338,0.76,6.266,16.057,-221754,45.21,1.383,23.071,298170,382.213,42.393,18.748,24.343,27737718,208898,48.873,2.348
"POL","Poland","Europe & Central Asia","High income",77.156,3.7,1.29,19.019,59.832,18891.212,6.466,86.941,100.594,108.482,75.291,NA,4.314,137.002,23.837,13.643,2.806,29.181,17.651,57.222,62.353,60.669,123.021,22.059,58.138,18.119,17.123,14.429,19110,5.255,15.324,65.657,52.307,28.968,23.339,36821749,-0.433,12.2,8.3,967744,40.168,-0.396,8.145,306090,120.297,46.313,36.476,31.059,7057609,91538,39.316,6.006
"PRT","Portugal","Europe & Central Asia","High income",81.632,2.7,1.43,23.688,61.126,24620.52,10.549,84.497,108.104,120.926,75.071,100.012,4.552,122.801,42.937,52.199,1.905,18.403,12.462,66.193,49.482,51.882,101.364,21.374,63.624,17.403,23.173,7.833,25880,6.986,13.002,63.31,57.953,37.416,20.537,10434332,0.697,11.9,8,68696,38.874,0.748,46.819,91605.6,113.905,42.789,10.18,36.155,15664429.666,157640.666,89.456,5.084
"QAT","Qatar","Middle East, North Africa, Afghanistan & Pakistan","High income",81.857,5,1.739,1.391,99.244,88701.463,2.186,98.038,94.197,102.968,35.085,94.648,NA,162.249,12.641,18.108,0.257,65.349,9.285,38.541,68.598,31.615,100.214,30.643,19.497,12.877,NA,4.995,71050,4.185,15.248,83.361,19.96,1.669,18.292,2657333,5.907,0.932,10.099,80004,0.756,5.948,29.553,11490,231.274,6.44,1.828,0,29467264,176591,101.084,0.032
"ROU","Romania","Europe & Central Asia","High income",75.154,5.4,1.71,19.515,52.163,15503.469,5.798,85.503,84.881,83.033,58.239,82.864,3.279,121.142,33.212,11.593,3.818,27.599,13.823,60.394,43.513,50.437,93.95,27.061,63.205,16.657,16.456,13.795,15390,4.188,16.016,64.469,55.114,30.271,24.843,19048502,-0.385,14.3,9.4,89076,47.837,-0.517,17.967,230080,82.791,55.103,35.688,30.116,2294598,26799,25.222,3.886
"RUS","Russian Federation","Europe & Central Asia","High income",72.546,4.3,1.416,16.076,74.854,15625.633,6.879,90.418,100.123,92.773,53.915,NA,4.054,168.476,24.635,15.103,3.419,32.198,13.149,55.08,27.71,15.057,42.766,23.173,47.088,17.086,10.844,13.744,12890,-1.435,17.689,66.235,50.977,24.27,26.707,144236933,-0.353,12.9,8.9,765629,25.146,-0.215,11.708,16376870,8.807,13.158,7.428,49.784,82236409,732529,NA,-1.736
"RWA","Rwanda","Sub-Saharan Africa ","Low income",67.528,30.5,3.778,3.721,27.781,1007.06,5.928,28.017,148.752,44.155,7.413,NA,4.742,80.595,0.35,0.076,21.929,21.754,9.195,50.853,21.799,39.16,60.959,37.755,62.336,17.269,13.251,17.689,970,9.825,38.157,58.122,72.053,6.403,65.65,13651030,2.19,5.993,28.859,-9001,72.219,8.412,31.861,24670,553.345,80.037,50.201,11.269,1429703.1,14018,22.13,2.219
"SMR","San Marino","Europe & Central Asia","High income",85.708,1.3,1.136,21.024,97.114,54264.584,7.223,97.328,93.938,61.678,53.799,93.429,2.898,120.27,35.788,46.935,0.011,37.595,33.633,55.082,197.412,173.024,370.436,23.026,35.487,17.099,17.811,5.325,53950,7.898,13.04,65.936,51.665,31.887,19.778,33755,-1.462,7.8,6.1,-403,2.886,-1.451,NA,60,562.583,38.333,33.083,16.667,NA,NA,NA,3.924
"STP","Sao Tome and Principe","Sub-Saharan Africa ","Lower middle income",69.237,9.9,3.695,3.849,68.372,2389.737,5.774,58.568,NA,NA,NA,NA,5.194,86.778,2.025,1.105,13.932,4.355,0.734,78.591,19.672,45.32,64.992,8.293,104.269,13.086,NA,18.006,2820,0.169,38.787,57.365,74.322,6.709,67.614,226305,1.938,5.732,28.277,-592,31.628,2.229,NA,960,235.734,44.792,4.167,52.771,38672,1063,12.852,10.282
"SAU","Saudi Arabia","Middle East, North Africa, Afghanistan & Pakistan","High income",77.31,5,2.14,2.702,84.135,38510.228,5.314,100,102.139,122.158,73.749,119.841,NA,149.798,41.823,21.051,2.215,53.124,15.116,40.207,35.985,20.839,56.824,26.516,39.199,19.139,6.953,2.474,35110,12.001,24.645,72.653,37.641,3.72,33.921,32175224,4.419,2.57,15.217,977072,15.865,4.613,27.846,2149690,14.967,80.773,1.596,0.454,29005342.249,249798,NA,2.156
"SEN","Senegal","Sub-Saharan Africa ","Lower middle income",67.788,31.2,3.864,3.563,53.444,1574.028,4.044,56.828,84.273,45.376,15.648,56.87,5.952,118.15,1.404,1.683,16.333,24.9,15.561,49.796,26.699,52.698,79.397,44.915,65.938,15.146,18.592,9.697,1590,3.85,39.16,57.276,74.592,6.221,68.371,17651103,2.468,5.92,29.46,16425,46.556,4.772,35.258,192530,91.68,49.4,19.893,41.49,1213575.304,10831,32.182,10.541
"SRB","Serbia","Europe & Central Asia","Upper middle income",75.237,4.6,1.59,22.078,61.901,10024.819,8.584,83.538,96.628,91.954,69.805,96.049,3.083,129.813,29.346,38.236,5.338,25.222,14.84,54.274,60.738,71.175,131.913,26.384,65.7,18.353,23.893,11.982,9790,2.703,14.355,63.568,57.313,34.731,22.582,6664449,-2.517,16.3,9.3,40118,38.099,-1.645,34.062,84090,79.254,41.253,30.919,32.386,2406000,28757,38.387,6.904
"SYC","Seychelles","Sub-Saharan Africa ","High income",74.51,13.4,2.2,8.148,44.911,16682.699,4.399,84.834,97.765,76.882,13.93,99.871,3.659,163.43,29.831,15.158,2.458,12.123,5.641,70.161,90.953,100.625,191.579,18.499,71.013,20.159,NA,2.626,14390,9.88,20.31,71.542,39.778,11.388,28.39,119878,NA,7.8,13.1,1788,55.089,NA,NA,460,260.604,3.37,0.326,73.261,217754,13003,NA,9.492
"SLE","Sierra Leone","Sub-Saharan Africa ","Low income",61.275,58.1,3.876,3.175,44.267,860.371,4.804,21.509,163.174,NA,NA,103.135,4.908,107.882,NA,0.003,33.757,20.756,7.004,42.126,16.78,28.274,45.054,14.877,89.933,6.684,NA,27.208,920,5.314,38.976,57.848,72.866,5.489,67.377,8276807,2.226,8.523,31.071,-4000,55.733,3.435,34.721,72180,114.669,54.71,21.945,34.572,NA,NA,3.538,2.036
"SGP","Singapore","East Asia & Pacific","High income",82.895,2,1.04,12.691,100,91227.697,4.331,95.954,99.578,103.01,98.022,99.634,2.475,173.005,27.551,34.645,0.026,23.839,19.698,71.649,185.011,145.236,330.247,21.879,28.099,9.129,11.664,6.131,68100,4.01,12.005,75.304,32.795,16.853,15.942,5637022,3.309,6.3,7.9,214842,0,3.309,100,718,7851.006,0.919,0.78,21.184,22200217,120117,NA,28.031
"SVK","Slovak Republic","Europe & Central Asia","High income",76.966,5.1,1.57,17.571,53.19,21317.794,7.702,89.068,100.327,92.204,52.496,95.216,4.657,136.029,33.999,9.876,1.93,26.546,17.351,60.624,99.067,104.989,204.056,23.308,61.362,21.251,19.85,12.774,21890,0.545,15.968,66.461,50.464,26.437,24.027,5431752,-0.285,11,9.7,92314,46.81,-0.285,15.197,48080,112.973,38.457,27.517,40.056,1925.454,17.454,66.739,4.169
"SVN","Slovenia","Europe & Central Asia","High income",81.283,1.9,1.55,20.881,55.338,28360.304,9.627,88.912,100.639,107.875,82.392,97.251,5.281,126.459,32.01,31.857,1.625,27.991,19.935,58.17,94.316,92.331,186.647,24.571,53.955,19.488,21.031,8.834,29590,2.669,15.096,64.023,56.195,32.615,23.579,2112076,0.189,10.6,8.3,9014,44.662,0.249,NA,20136.4,104.888,30.329,8.892,61.27,1866,100,41.184,3.64
"SLB","Solomon Islands","East Asia & Pacific","Lower middle income",70.409,17.4,3.62,3.629,29.351,1877.781,4.824,28.017,NA,NA,NA,NA,8.487,62.073,0.107,0.893,31.97,19.306,10.106,48.782,28.132,46.704,74.836,20.879,70.81,26.46,22.075,5.518,2010,-2.584,37.743,58.628,70.566,6.189,64.376,781066,2.394,5.194,27.283,1567,70.649,4.676,NA,27990,27.905,3.834,0.822,90.086,112565.326,5780,34.706,2.776
"SOM","Somalia, Fed. Rep.","Sub-Saharan Africa ","Low income",53.931,89.2,6.255,2.542,53.501,573.141,2.847,27.6,NA,NA,NA,NA,0,49.68,0.668,0.511,NA,NA,NA,NA,17.681,73.077,90.758,23.65,124.307,7.439,1.781,NA,570,2.718,46.821,50.637,97.485,5.02,92.465,17801897,3.025,12.812,43.789,-92434,46.499,4.143,26.222,627340,28.377,70.343,1.753,9.288,NA,NA,3.912,6.233
"ZAF","South Africa","Sub-Saharan Africa ","Upper middle income",65.454,24.3,2.227,6.362,63.477,6534.249,8.745,78.293,102.402,104.535,23.727,97.102,6.156,160.729,3.123,2.099,2.606,24.982,12.445,62.272,33.539,31.408,64.947,15.672,63.421,18.776,26.02,7.04,6530,2.058,26.321,67.317,48.55,9.45,39.1,62378410,1.414,9.402,19.079,233284,36.523,1.455,15.318,1213090,51.421,79.418,9.892,13.995,12133966.35,141137,91.57,2.267
"ESP","Spain","Europe & Central Asia","High income",83.134,2.6,1.16,20.188,79.955,30319.499,9.68,94.486,102.985,119.646,95.027,98.193,4.586,123.4,35.785,39.069,2.37,21.223,11.028,67.602,39.672,38.794,78.466,22.69,56.386,20.046,15.471,8.391,32690,6.37,13.596,66.216,51.021,30.488,20.533,47786102,0.719,9.7,6.9,299779,20.045,0.932,17.571,499713.681,95.627,53.357,23.395,37.183,80908169.2,616748.6,88.112,4.656
"LKA","Sri Lanka","South Asia","Upper middle income",77.3,5.5,1.984,11.382,19.988,3342.637,3.983,48.3,92.985,88.192,22.368,95.151,1.204,151.727,9.636,11.308,8.448,29.806,19.651,57.067,21.56,25.123,46.683,27.272,69.062,7.23,7.277,49.721,3620,-7.349,22.69,65.927,51.682,17.265,34.417,22181000,0.113,8.1,12.4,-27435,80.012,0.922,14.112,61860,358.568,45.457,22.179,34.056,3252528,22834,NA,1.192
"KNA","St. Kitts and Nevis","Latin America & Caribbean ","High income",70.313,14.8,1.512,10.236,31.616,21011.574,5.526,75.762,127.69,119.884,NA,NA,3.558,116.924,46.745,33.403,1.186,21.751,4.404,65.098,NA,NA,NA,NA,NA,NA,NA,2.668,21420,10.48,18.58,71.185,40.478,14.379,26.099,46709,-0.116,11.658,11.958,0,68.384,0.122,NA,260,179.65,23.077,19.231,42.308,NA,NA,63.096,4.187
"LCA","St. Lucia","Latin America & Caribbean ","Upper middle income",72.67,16.2,1.387,9.003,29.098,12976.149,4.748,66.952,102.964,87.684,16.181,94.744,4.642,98.668,13.572,17.138,1.609,9.027,2.288,77.215,NA,NA,NA,NA,NA,NA,NA,9.653,11680,19.346,18.181,72.815,37.334,12.364,24.969,178781,0.145,8.455,11.417,0,70.902,5.995,NA,610,293.084,16.295,4.377,34.049,NA,NA,51.574,2.502
"VCT","St. Vincent and the Grenadines","Latin America & Caribbean ","Upper middle income",71.191,11.1,1.791,11.243,47.586,9693.559,4.605,74.755,111.969,128.182,41.498,107.242,7.076,102.334,28.997,10.795,4.639,14.617,3.867,64.871,NA,NA,NA,NA,NA,NA,NA,5.66,9520,3.111,21.904,66.852,49.582,16.818,32.765,102046,-0.776,11.45,12.393,-826,52.414,-0.501,NA,390,261.656,17.949,5.128,73.179,NA,NA,41.19,6.595
"SWE","Sweden","Europe & Central Asia","High income",83.059,2,1.53,20.342,88.404,54836.891,10.855,95.01,116.425,139.407,83.898,99.89,7.319,140.782,40.609,10.467,1.239,23.759,13.686,63.685,54.312,52.8,107.112,26.922,45.824,25.741,28.171,8.369,61930,1.255,17.489,62.169,60.851,32.72,28.131,10486941,0.681,9,10,58955,11.596,0.941,18.111,407280,25.749,7.354,6.207,68.7,15229955,158550,136.078,9.352
"CHE","Switzerland","Europe & Central Asia","High income",83.605,3.5,1.39,19.219,84.921,97809.096,11.599,96.453,101.363,103.392,74.153,95.064,4.864,123.971,46.675,34.169,0.598,25.975,19.924,70.79,74.965,61.271,136.236,26.659,48.232,11.415,8.676,2.835,97920,3.534,15.07,65.711,52.182,29.247,22.934,8777088,0.83,8.5,9.4,96424,15.079,1.681,19.046,39509.63,222.151,37.871,10.038,32.296,22773897,176436,NA,-1.446
"TJK","Tajikistan","Europe & Central Asia","Lower middle income",71.562,24.4,3.127,3.473,26.196,1052.179,7.629,48.914,99.967,90.889,37.283,NA,5.398,63.844,0.585,2.25,22.935,34.703,15.141,34.111,16.353,49.082,65.436,35.468,87.636,10.135,10.344,NA,1360,8,36.59,59.937,66.842,5.794,61.048,10182222,2.137,4.618,27.043,-17001,73.804,2.124,36.072,138790,73.364,28.073,6.044,3.068,479769.61,3709,10.417,1.624
"TZA","Tanzania","Sub-Saharan Africa ","Lower middle income",66.879,30.9,4.671,3.035,34.823,1207.521,3.135,26.861,90.615,NA,5.322,NA,3.238,93.016,0.111,0.131,24.257,27.685,8.183,30.642,15.414,19.59,35.003,41.068,54.864,8.302,11.793,4.35,1210,4.566,42.916,54.049,85.018,5.615,79.403,64711821,2.95,5.844,35.637,-37557,65.177,4.319,32.859,885800,73.055,44.616,15.243,50.584,1823114.2,81090,15.158,1.898
"THA","Thailand","East Asia & Pacific","Upper middle income",75.291,8.2,1.221,14.097,59.742,6910.01,5.355,87.977,104.833,88.066,43.295,104.886,2.612,176.223,17.513,6.089,8.716,35.127,27.03,56.157,65.334,67.48,132.813,27.823,54.585,17.716,15.138,6.076,7220,2.638,15.433,70.47,41.904,20.004,21.9,71735329,0.011,9.231,8.38,21683,40.258,2.098,25.433,510890,140.412,45.998,31.031,38.758,34390036,250385,156.438,2.392
"TGO","Togo","Sub-Saharan Africa ","Lower middle income",62.292,37,4.253,3.614,42.733,1071.615,6.241,35.607,118.423,NA,NA,85.706,3.778,72.215,1.037,0.722,21.22,21.226,11.612,48.761,25.009,36.566,61.575,24.498,74.512,12.546,13.405,7.968,1130,6.294,41.297,55.088,81.526,6.561,74.965,8068616,1.655,8.955,33.129,-65826,57.267,2.649,55.845,54390,148.347,70.233,48.722,22.124,1187471,14476,26.575,-2.004
"TON","Tonga","East Asia & Pacific","Upper middle income",72.635,8.2,3.171,6.501,21.147,5298.019,7.953,61.607,106.536,96.997,NA,101.466,5.31,61.726,8.174,3.123,17.426,17.242,4.626,49.428,10.763,59.364,70.127,27.326,87.897,27.853,20.402,10.971,5390,-2.129,35.642,57.857,72.84,11.237,61.604,105042,-0.426,6.476,23.35,-2218,78.853,-0.95,NA,720,145.892,48.611,27.778,12.431,NA,NA,35.966,0.523
"TTO","Trinidad and Tobago","Latin America & Caribbean ","High income",73.331,18,1.544,11.358,53.947,20750.52,6.644,81.698,NA,NA,NA,NA,2.818,133.632,26.033,21.825,0.763,45.676,17.538,51.099,NA,NA,NA,17.179,NA,NA,NA,5.828,16100,0.861,18.298,70.344,42.159,16.147,26.012,1365805,-0.128,8.225,10.987,4247,46.053,-0.119,73.91,5130,266.239,10.526,4.873,44.318,1523315,21898,37.127,4.137
"TUR","Turkiye","Europe & Central Asia","Upper middle income",77.591,8.5,1.63,9.72,89.038,10897.84,3.703,83.437,102.488,116.04,127.578,101.501,3.096,103.721,21.823,12.863,6.694,30.89,21.802,52.178,38.141,41.757,79.898,38.602,53.196,11.817,17.18,72.309,10870,5.441,22.19,68.091,46.863,14.274,32.589,84979913,0.985,5.9,12.2,-301544,10.962,0.83,20.665,769630,110.417,50.025,26.263,29.277,104672089.362,688557.817,53.426,1.488
"UGA","Uganda","Sub-Saharan Africa ","Low income",67.675,36.5,4.388,2.115,29.925,963.067,4.451,9.637,NA,NA,NA,NA,2.561,70.14,0.085,0.247,24.012,26.766,16.372,41.652,12.022,22.483,34.505,24.201,70.936,9.787,12.55,7.196,930,4.588,44.307,53.578,86.645,3.948,82.697,47312719,3.008,5.035,35.8,-118843,70.075,5.337,25.793,200520,235.95,71.888,34.411,11.248,35153.299,4513,15.089,6.481
"ARE","United Arab Emirates","Middle East, North Africa, Afghanistan & Pakistan","High income",80.487,4.2,1.148,1.64,85.515,50759.759,4.565,100,107.287,102.381,60.419,102.456,NA,195.625,36.849,22.321,0.741,49.333,8.544,49.926,102.052,83.69,185.742,26.058,41.451,12.433,0.569,5.291,46990,7.515,16.476,81.885,22.123,2.002,20.12,10074977,5.088,1.18,9.295,322773,14.485,5.273,34.407,71020,141.861,5.513,0.709,4.468,68465859,367757,65.457,4.446
"GBR","United Kingdom","Europe & Central Asia","High income",81.011,4,1.56,18.93,83.075,47034.78,11.097,95.465,102.481,113.203,79.77,100.335,NA,119.834,41.287,44.072,0.681,16.82,7.961,72.484,34.062,35.137,69.199,18.347,62.171,20.558,26.554,7.922,49690,5.15,17.629,63.44,57.628,29.84,27.789,67636000,0.978,9.512,10.1,487029,16.925,1.082,16.979,241930,279.568,71.982,24.97,13.255,95908282,713976,126.126,2.916
"USA","United States","North America","High income",77.434,5.5,1.657,16.92,80.032,78008.69,16.529,92.729,96.972,97.473,79.362,95.744,NA,108.786,37.489,26.63,NA,NA,NA,NA,11.654,15.254,26.908,22.027,67.896,13.677,12.611,8.003,77230,2.524,17.882,65.199,53.378,25.951,27.427,333996304,0.569,9.8,11,1319009,19.968,0.601,7.058,9147420,36.513,46.083,16.568,33.867,852828000,8843778,187.087,1.6
"URY","Uruguay","Latin America & Caribbean ","High income",76.468,6.1,1.425,15.613,95.498,21009.288,8.89,89.873,108.823,121.138,76.398,100.223,4.48,139.829,33.487,37.116,6.866,17.686,10.501,63.921,32.891,27.311,60.203,18.615,NA,16.427,18.429,9.104,18050,4.606,19.067,65.32,53.093,23.903,29.19,3390913,-0.17,10.832,9.958,-1501,4.502,-0.12,54.574,175020,19.374,80.874,12.087,11.844,NA,NA,26.382,12.367
"UZB","Uzbekistan","Europe & Central Asia","Lower middle income",72.147,13.5,3.396,5.545,50.985,2698.603,6.617,83.9,93.91,97.378,31.702,98.237,5.235,105.472,25.799,16.274,20.386,31.893,19.286,41.983,22.233,37.815,60.048,33.317,65.409,15.763,11.456,11.447,2620,6.086,30.568,63.887,56.527,8.679,47.848,34938955,2.01,6.048,26.524,-5007,49.015,2.123,14.448,440652,79.289,58.479,9.142,8.49,4227000,28140,31.256,2.818
"VEN","Venezuela, RB","Latin America & Caribbean ","Lower middle income",72.566,21.2,2.088,8.982,89.213,3155.042,4.55,75.822,109.26,96.791,NA,102.554,NA,66.467,9.58,9.511,NA,NA,NA,NA,16.349,11.549,27.898,6.169,NA,NA,NA,NA,2260,8.075,26.791,64.227,55.697,13.985,41.712,28213017,-0.088,7.347,15.025,-141107,10.787,-0.047,11.747,882050,31.986,24.375,2.948,52.295,1373948,16018,NA,2.639
"VNM","Viet Nam","East Asia & Pacific","Upper middle income",74.502,12.9,1.927,8.23,37.548,4147.698,4.538,78.59,104.129,93.412,44.754,100.78,2.887,137.852,21.368,2.398,11.88,38.482,24.656,41.136,93.42,89.733,183.154,32.34,54.679,8.819,NA,3.157,3980,8.538,23.935,67.835,47.416,12.132,35.284,99680655,0.751,6.488,14.272,-78977,62.452,3.16,24.252,313429,318.033,39.291,21.546,47.203,48674423,309088,124.961,4.329
"PSE","West Bank and Gaza","Middle East, North Africa, Afghanistan & Pakistan","Lower middle income",76.662,12.3,3.375,3.703,86.596,3799.955,9.706,88.647,91.452,90.136,45.798,93.766,NA,76.567,7.937,8.627,5.745,17.393,11.196,58.331,18.436,63.959,82.395,26.523,99.849,20.49,NA,3.741,4720,4.083,38.69,57.607,73.589,6.428,67.162,5043612,2.426,2.992,27.575,-5006,13.404,2.728,17.311,6025,837.114,64.929,6.954,1.683,NA,NA,47.711,1.622
"ZMB","Zambia","Sub-Saharan Africa ","Lower middle income",65.279,35.4,4.175,1.856,44.599,1447.123,5.21,15,NA,NA,NA,NA,3.659,98.437,0.429,0.478,3.094,35.284,7.996,55.535,40.194,29.103,69.297,26.981,35.581,14.453,16.802,10.993,1170,5.211,42.439,55.705,79.516,3.332,76.184,20152938,2.764,5.583,33.542,-8566,55.401,3.582,33.843,743390,27.11,32.068,5.112,59.777,228650.645,10343,12.975,-0.223
"ZWE","Zimbabwe","Sub-Saharan Africa ","Lower middle income",62.36,61.6,3.767,3.608,38.706,2536.402,3.395,36.257,93.166,NA,NA,83.198,NA,88.996,1.622,1.813,17.061,46.472,18.06,28.661,18.771,24.845,43.615,7.638,87.226,11.21,NA,104.705,2580,6.139,41.612,54.78,82.548,6.587,75.961,16069056,1.706,7.779,30.882,-102828,61.294,3.891,25.046,386850,41.538,41.798,10.4,44.856,75543.792,1701,5.826,0.826
