"iso3","country","region","income","life_exp","infant_mort","fertility","pop65","urban_pct","gdp_pc","health_exp_pct","internet_pct"
"AFG","Afghanistan","Middle East, North Africa, Afghanistan & Pakistan","Low income",65.617,51.6,4.932,2.355,25.394,357.261,23.088,15.866
"ALB","Albania","Europe & Central Asia","Upper middle income",78.769,8.3,1.355,15.776,57.864,7756.962,7.536,82.614
"DZA","Algeria","Middle East, North Africa, Afghanistan & Pakistan","Upper middle income",76.129,20,2.817,6.187,74.18,4960.303,3.635,74.782
"AND","Andorra","Europe & Central Asia","High income",84.016,2.6,1.071,14.969,88.755,42414.059,7.521,94.052
"AGO","Angola","Sub-Saharan Africa ","Lower middle income",64.246,33.7,5.209,2.773,69.051,3598.537,2.6,35.838
"ATG","Antigua and Barbuda","Latin America & Caribbean ","High income",77.483,7.4,1.58,10.729,24.511,20003.391,4.431,71.923
"ARG","Argentina","Latin America & Caribbean ","Upper middle income",75.806,8.4,1.482,12.034,92.113,13962.189,10.16,88.375
"ARM","Armenia","Europe & Central Asia","Upper middle income",74.766,9.3,1.7,12.915,65.562,6571.974,9.962,77.028
"AUS","Australia","East Asia & Pacific","High income",83.2,3.2,1.63,17.075,87.334,65169.519,9.892,96.119
"AUT","Austria","Europe & Central Asia","High income",81.295,2.8,1.41,19.79,68.998,52336.773,11.225,93.614
"AZE","Azerbaijan","Europe & Central Asia","Upper middle income",74.125,13.9,1.67,7.527,58.438,7770.594,3.415,88
"BHS","Bahamas, The","Latin America & Caribbean ","High income",74.491,11.6,1.379,11.252,81.32,34957.161,7.043,92.256
"BHR","Bahrain","Middle East, North Africa, Afghanistan & Pakistan","High income",80.992,7,1.839,3.499,100,30470.522,3.891,100
"BGD","Bangladesh","South Asia","Lower middle income",74.265,24.4,2.179,6.135,31.674,2716.486,2.215,41.617
"BRB","Barbados","Latin America & Caribbean ","High income",75.676,9.6,1.712,15.699,59.354,24393.219,5.874,69.064
"BLR","Belarus","Europe & Central Asia","Upper middle income",74.103,2,1.326,16.507,78.473,7994.648,6.578,89.507
"BEL","Belgium","Europe & Central Asia","High income",81.749,3.2,1.53,19.767,87.489,50639.026,10.74,94.008
"BLZ","Belize","Latin America & Caribbean ","Upper middle income",72.19,10.9,1.949,4.708,42.137,7068.217,4.216,69.983
"BEN","Benin","Sub-Saharan Africa ","Lower middle income",60.475,47.8,4.634,3.063,50.963,1266.427,2.982,30.537
"BTN","Bhutan","South Asia","Lower middle income",72.754,15.1,1.478,6.246,40.937,3711.328,3.918,88.356
"BOL","Bolivia","Latin America & Caribbean ","Lower middle income",67.434,15.6,2.584,5.479,70.635,4219.461,7.159,72.623
"BIH","Bosnia and Herzegovina","Europe & Central Asia","Upper middle income",76.777,5.5,1.481,21.103,51.022,7655.594,8.716,78.846
"BWA","Botswana","Sub-Saharan Africa ","Upper middle income",68.749,34.3,2.785,3.88,66.589,8328.709,5.737,57.9
"BRA","Brazil","Latin America & Caribbean ","Upper middle income",74.872,12.6,1.629,10.252,87.35,9281.333,9.387,80.528
"BRN","Brunei Darussalam","East Asia & Pacific","High income",72.917,8.7,1.764,6.202,74.777,36632.928,1.77,98.97
"BGR","Bulgaria","Europe & Central Asia","High income",74.161,5,1.78,21.697,73.48,13999.911,7.638,79.127
"BFA","Burkina Faso","Sub-Saharan Africa ","Low income",60.7,46.1,4.275,2.595,27.279,827.331,7.414,25.399
"BDI","Burundi","Sub-Saharan Africa ","Low income",62.882,32.4,4.98,2.486,22.32,301.832,8.669,7.145
"CPV","Cabo Verde","Sub-Saharan Africa ","Upper middle income",75.907,11.5,1.533,6.329,75.034,4323.314,6.702,73.327
"KHM","Cambodia","East Asia & Pacific","Lower middle income",70.528,17.7,2.616,5.767,40.375,2325.031,4.469,65.491
"CMR","Cameroon","Sub-Saharan Africa ","Lower middle income",62.443,42.7,4.397,2.763,54.846,1604.877,4.494,40.126
"CAN","Canada","North America","High income",81.095,4.6,1.34,18.941,82.35,56496.928,11.081,94
"CAF","Central African Republic","Sub-Saharan Africa ","Low income",18.818,206.8,6.023,2.144,43.275,467.36,9.95,13.754
"TCD","Chad","Sub-Saharan Africa ","Low income",54.528,59.6,6.215,2.056,25.764,966.036,4.158,11.17
"CHL","Chile","Latin America & Caribbean ","High income",79.176,5.9,1.255,13.3,88.64,15399.104,10.005,92.318
"CHN","China","East Asia & Pacific","Upper middle income",78.202,4.8,1.034,13.782,65.218,12970.606,5.881,75.611
"COL","Colombia","Latin America & Caribbean ","Upper middle income",76.508,11.2,1.663,9.007,78.046,6680.445,7.59,72.796
"COM","Comoros","Sub-Saharan Africa ","Lower middle income",66.481,37,3.935,4.455,32.775,1533.878,8.471,31.374
"COD","Congo, Dem. Rep.","Sub-Saharan Africa ","Low income",60.979,57.6,6.106,3.066,44.003,687.739,3.942,17.996
"COG","Congo, Rep.","Sub-Saharan Africa ","Lower middle income",65,28.5,4.215,2.85,63.642,2620.838,2.3,40.987
"CRI","Costa Rica","Latin America & Caribbean ","High income",79.316,8.6,1.335,11.262,78.441,13971.765,7.184,82.598
"CIV","Cote d'Ivoire","Sub-Saharan Africa ","Lower middle income",61.562,47.4,4.349,2.533,52.849,2333.371,3.638,38.413
"HRV","Croatia","Europe & Central Asia","High income",77.576,3.9,1.53,22.485,56.998,18465.531,7.296,82.072
"CYP","Cyprus","Europe & Central Asia","High income",80.434,3.4,1.393,14.078,66.669,33231.051,8.272,89.601
"CZE","Czechia","Europe & Central Asia","High income",78.929,2.2,1.64,20.518,72.697,28282.224,8.471,84.54
"DNK","Denmark","Europe & Central Asia","High income",81.305,3.3,1.55,20.401,88.388,67781.094,9.474,97.86
"DJI","Djibouti","Middle East, North Africa, Afghanistan & Pakistan","Lower middle income",65.54,45.8,2.653,4.627,72.611,3133.258,2.526,63.776
"DMA","Dominica","Latin America & Caribbean ","Upper middle income",71.081,32.7,1.482,12.586,72.683,9323.661,5.973,80.58
"DOM","Dominican Republic","Latin America & Caribbean ","Upper middle income",74.211,29.1,2.267,7.287,72.42,10104.246,4.645,81.513
"ECU","Ecuador","Latin America & Caribbean ","Upper middle income",76.577,11.2,1.861,7.85,63.09,6515.585,7.602,69.718
"EGY","Egypt, Arab Rep.","Middle East, North Africa, Afghanistan & Pakistan","Lower middle income",71.01,21.8,2.75,4.828,42.633,4233.308,4.724,72.198
"SLV","El Salvador","Latin America & Caribbean ","Upper middle income",71.969,9.5,1.785,7.862,74.147,5074.601,9.82,60.056
"GNQ","Equatorial Guinea","Sub-Saharan Africa ","Upper middle income",63.355,50.7,4.17,3.568,70.891,7589.3,2.837,63.66
"EST","Estonia","Europe & Central Asia","High income",77.844,1.7,1.41,20.63,70.489,28340.383,6.936,91.52
"SWZ","Eswatini","Sub-Saharan Africa ","Lower middle income",63.028,45.9,2.801,4.015,25.397,3894.162,7.245,57.344
"ETH","Ethiopia","Sub-Saharan Africa ","Low income",66.897,48.3,4.082,3.124,22.737,982.103,2.853,17.984
"FJI","Fiji","East Asia & Pacific","Upper middle income",67.148,23.2,2.305,6.209,58.135,5414.121,4.018,72.565
"FIN","Finland","Europe & Central Asia","High income",81.188,1.9,1.32,23.229,73.697,50440.56,9.742,92.989
"FRA","France","Europe & Central Asia","High income",82.129,3.4,1.78,21.377,78.759,40988.64,11.829,85.333
"GAB","Gabon","Sub-Saharan Africa ","Upper middle income",67.713,27.5,3.712,4.011,91.224,8409.207,2.891,67.672
"GMB","Gambia, The","Sub-Saharan Africa ","Low income",64.859,34.7,4.078,2.89,63.287,836.245,3.537,48.225
"GEO","Georgia","Europe & Central Asia","Upper middle income",74.141,7.7,1.82,15.087,60.01,6729.847,8.296,78.711
"DEU","Germany","Europe & Central Asia","High income",80.608,3.1,1.455,22.459,81.787,50506.518,12.447,91.63
"GHA","Ghana","Sub-Saharan Africa ","Lower middle income",65.246,29.4,3.434,3.562,57.251,2229.891,3.675,69.913
"GRC","Greece","Europe & Central Asia","High income",80.788,3.3,1.32,23.228,78.55,20884.677,8.449,83.171
"GRD","Grenada","Latin America & Caribbean ","Upper middle income",75.151,16.9,1.502,11.521,36.369,10469.387,4.997,68.42
"GTM","Guatemala","Latin America & Caribbean ","Upper middle income",71.206,18.3,2.343,4.63,55.258,5356.924,7.168,54.404
"GIN","Guinea","Sub-Saharan Africa ","Lower middle income",60.432,62.9,4.303,3.431,37.238,1416.596,3.833,31.314
"GNB","Guinea-Bissau","Sub-Saharan Africa ","Low income",63.605,44.7,3.911,3.09,45.163,881.603,8.338,27.674
"GUY","Guyana","Latin America & Caribbean ","High income",69.888,24.8,2.437,6.222,26.454,17913.493,2.525,76.562
"HTI","Haiti","Latin America & Caribbean ","Lower middle income",63.948,41.3,2.699,4.541,53.852,1748.409,3.208,47.775
"HND","Honduras","Latin America & Caribbean ","Lower middle income",72.715,13.6,2.522,4.167,57.836,3003.29,8.155,56.881
"HUN","Hungary","Europe & Central Asia","High income",75.868,3.2,1.57,20.608,70.159,18428.029,6.647,89.143
"ISL","Iceland","Europe & Central Asia","High income",82.12,2.2,1.589,15.111,94.179,76376.96,9.081,97.583
"IND","India","South Asia","Lower middle income",71.698,25.7,1.994,6.699,34.756,2279.981,3.396,55.9
"IDN","Indonesia","East Asia & Pacific","Upper middle income",70.925,16.3,2.149,6.825,57.493,4730.835,2.694,66.485
"IRN","Iran, Islamic Rep.","Middle East, North Africa, Afghanistan & Pakistan","Upper middle income",76.799,11,1.704,7.629,76.334,4721.204,5.628,81.716
"IRQ","Iraq","Middle East, North Africa, Afghanistan & Pakistan","Upper middle income",72.037,21.4,3.294,3.398,69.868,6520.732,4.332,78.716
"IRL","Ireland","Europe & Central Asia","High income",82.51,3.3,1.51,15.162,63.892,105190.686,6.021,95.037
"ISR","Israel","Middle East, North Africa, Afghanistan & Pakistan","High income",82.7,2.7,2.89,12.303,91.498,54947.209,7.12,91.851
"ITA","Italy","Europe & Central Asia","High income",82.7,2.4,1.24,23.929,69.484,35653.904,8.85,85.061
"JAM","Jamaica","Latin America & Caribbean ","Upper middle income",71.481,16.9,1.372,7.537,57.988,6626.475,8.653,85.843
"JPN","Japan","East Asia & Pacific","High income",83.996,1.8,1.26,29.403,91.978,35548.265,12.323,84.923
"JOR","Jordan","Middle East, North Africa, Afghanistan & Pakistan","Upper middle income",77.088,12.6,2.679,4.142,92.405,4754.414,7.736,90.5
"KAZ","Kazakhstan","Europe & Central Asia","Upper middle income",73.503,7.7,3.05,7.985,61.444,11255.34,3.746,92.297
"KEN","Kenya","Sub-Saharan Africa ","Lower middle income",63.549,35.5,3.262,2.864,31.431,2109.563,4.322,29.406
"KIR","Kiribati","East Asia & Pacific","Lower middle income",66.269,40.7,3.182,4.016,60.574,2078.765,10.526,84.998
"KOR","Korea, Rep.","East Asia & Pacific","High income",82.68,2.4,0.778,17.485,81.162,34822.405,8.86,97.169
"KWT","Kuwait","Middle East, North Africa, Afghanistan & Pakistan","High income",80.588,7.4,1.546,2.747,100,39981.769,4.2,99.747
"KGZ","Kyrgyz Republic","Europe & Central Asia","Lower middle income",72.049,15.1,2.8,5.199,34.7,1739.72,5.049,84.194
"LAO","Lao PDR","East Asia & Pacific","Lower middle income",68.715,29.3,2.455,4.417,38.068,2046.404,2.018,64.54
"LVA","Latvia","Europe & Central Asia","High income",74.278,2.6,1.47,21.012,68.257,20221.104,8.104,91.03
"LBN","Lebanon","Middle East, North Africa, Afghanistan & Pakistan","Lower middle income",78.003,14.2,2.263,9.513,90.206,3654.358,4.913,81.465
"LSO","Lesotho","Sub-Saharan Africa ","Lower middle income",56.812,59.9,2.716,3.793,41.67,1030.126,12.896,48.07
"LBR","Liberia","Sub-Saharan Africa ","Low income",61.934,63.6,4.016,3.253,54.459,744.617,13.588,30.38
"LBY","Libya","Middle East, North Africa, Afghanistan & Pakistan","Upper middle income",74.462,8.4,2.402,4.749,87.849,5986.637,4.744,80.647
"LTU","Lithuania","Europe & Central Asia","High income",75.644,2.9,1.27,19.861,68.287,24946.572,7.244,87.724
"LUX","Luxembourg","Europe & Central Asia","High income",82.946,2,1.31,14.842,94.761,123719.659,5.609,98.242
"MDG","Madagascar","Sub-Saharan Africa ","Low income",63.068,44.1,4.036,3.268,31.54,504.059,3.149,17.812
"MWI","Malawi","Sub-Saharan Africa ","Low income",66.037,38.6,3.72,2.613,16.715,604.27,6.625,16.848
"MYS","Malaysia","East Asia & Pacific","Upper middle income",75.444,6.9,1.55,7.186,75.974,11754.568,3.9,97.399
"MDV","Maldives","South Asia","Upper middle income",80.76,5.3,1.583,4.082,41.064,11786.019,7.5,83.912
"MLI","Mali","Sub-Saharan Africa ","Low income",60.035,51.2,5.692,2.426,30.402,976.914,3.722,35.199
"MLT","Malta","Middle East, North Africa, Afghanistan & Pakistan","High income",82.298,5,1.08,19.284,95.6,35658.832,9.091,91.541
"MHL","Marshall Islands","East Asia & Pacific","Upper middle income",66.725,24.1,2.936,4.112,77.986,6455.66,13.608,64.267
"MRT","Mauritania","Sub-Saharan Africa ","Lower middle income",68.281,32.1,4.77,3.209,58.812,1961.282,4.67,42.465
"MUS","Mauritius","Sub-Saharan Africa ","Upper middle income",73.515,13.9,1.33,12.396,39,10246.502,5.842,75.5
"MEX","Mexico","Latin America & Caribbean ","Upper middle income",73.973,12.8,1.94,7.745,79.2,11405.794,5.709,78.632
"FSM","Micronesia, Fed. Sts.","East Asia & Pacific","Upper middle income",66.961,21.6,2.785,5.519,22.412,3703.667,12.627,39.028
"MDA","Moldova","Europe & Central Asia","Upper middle income",71.546,14.7,1.694,15.117,42.405,5744.296,6.965,74.919
"MCO","Monaco","Europe & Central Asia","High income",85.746,2.3,2.114,37.061,100,226052.061,3.395,98.752
"MNG","Mongolia","East Asia & Pacific","Upper middle income",71.901,11.6,2.7,4.616,69.784,4993.515,8.852,81.077
"MNE","Montenegro","Europe & Central Asia","Upper middle income",76.188,2.1,1.8,17.146,65.401,10038.185,10.191,88.222
"MAR","Morocco","Middle East, North Africa, Afghanistan & Pakistan","Lower middle income",75.161,15.9,2.256,7.51,62.512,3463.138,5.753,89.9
"MOZ","Mozambique","Sub-Saharan Africa ","Low income",63.011,45.9,4.84,2.773,35.054,578.273,8.249,18.962
"NAM","Namibia","Sub-Saharan Africa ","Lower middle income",64.19,38.8,3.248,3.523,49.529,4349.799,9.622,62.997
"NRU","Naoero","East Asia & Pacific","High income",61.93,8.7,3.379,2.432,100,15309.835,18.342,83.227
"NPL","Nepal","South Asia","Lower middle income",70.087,23.9,2.002,6.198,66.299,1385.911,6.53,45.451
"NLD","Netherlands","Europe & Central Asia","High income",81.615,3.4,1.49,19.901,94.986,59123.319,10.031,92.52
"NZL","New Zealand","East Asia & Pacific","High income",81.959,4.2,1.67,16.446,83.855,49141.632,10.568,93.073
"NIC","Nicaragua","Latin America & Caribbean ","Lower middle income",74.463,12.6,2.24,5.239,58.995,2322.891,8.979,59.38
"NER","Niger","Sub-Saharan Africa ","Low income",60.398,68,6.135,2.551,17.477,613.615,4.35,13.087
"NGA","Nigeria","Sub-Saharan Africa ","Lower middle income",54.079,70.2,4.552,3.008,61.373,2899.16,4.21,39.147
"MKD","North Macedonia","Europe & Central Asia","Upper middle income",74.425,3.7,1.6,17.048,61.953,7606.238,7.422,83.85
"NOR","Norway","Europe & Central Asia","High income",82.51,2,1.41,18.33,82.956,113122.131,7.909,99
"OMN","Oman","Middle East, North Africa, Afghanistan & Pakistan","High income",77.911,8.5,2.449,2.658,80.012,23223.583,3.066,95.245
"PLW","Palau","East Asia & Pacific","High income",68.922,19.4,1.927,10.378,79.113,13934.952,14.878,82.567
"PAN","Panama","Latin America & Caribbean ","High income",79.324,11.9,2.139,8.766,65.821,17378.607,9.046,67.284
"PNG","Papua New Guinea","East Asia & Pacific","Lower middle income",65.274,33.1,3.165,3.247,14.736,3102.294,2.615,18.257
"PRY","Paraguay","Latin America & Caribbean ","Upper middle income",72.319,15.5,2.444,6.231,68.64,6189.102,7.735,76.259
"PER","Peru","Latin America & Caribbean ","Upper middle income",76.834,11.6,2.004,8.811,84.366,7353.746,6.097,74.675
"PHL","Philippines","East Asia & Pacific","Upper middle income",69.472,22.4,1.929,5.041,54.79,3548.069,5.156,75.211
"POL","Poland","Europe & Central Asia","High income",77.156,3.7,1.29,19.019,59.832,18891.212,6.466,86.941
"PRT","Portugal","Europe & Central Asia","High income",81.632,2.7,1.43,23.688,61.126,24620.52,10.549,84.497
"QAT","Qatar","Middle East, North Africa, Afghanistan & Pakistan","High income",81.857,5,1.739,1.391,99.244,88701.463,2.186,98.038
"ROU","Romania","Europe & Central Asia","High income",75.154,5.4,1.71,19.515,52.163,15503.469,5.798,85.503
"RUS","Russian Federation","Europe & Central Asia","High income",72.546,4.3,1.416,16.076,74.854,15625.633,6.879,90.418
"RWA","Rwanda","Sub-Saharan Africa ","Low income",67.528,30.5,3.778,3.721,27.781,1007.06,5.928,28.017
"SMR","San Marino","Europe & Central Asia","High income",85.708,1.3,1.136,21.024,97.114,54264.584,7.223,97.328
"STP","Sao Tome and Principe","Sub-Saharan Africa ","Lower middle income",69.237,9.9,3.695,3.849,68.372,2389.737,5.774,58.568
"SAU","Saudi Arabia","Middle East, North Africa, Afghanistan & Pakistan","High income",77.31,5,2.14,2.702,84.135,38510.228,5.314,100
"SEN","Senegal","Sub-Saharan Africa ","Lower middle income",67.788,31.2,3.864,3.563,53.444,1574.028,4.044,56.828
"SRB","Serbia","Europe & Central Asia","Upper middle income",75.237,4.6,1.59,22.078,61.901,10024.819,8.584,83.538
"SYC","Seychelles","Sub-Saharan Africa ","High income",74.51,13.4,2.2,8.148,44.911,16682.699,4.399,84.834
"SLE","Sierra Leone","Sub-Saharan Africa ","Low income",61.275,58.1,3.876,3.175,44.267,860.371,4.804,21.509
"SGP","Singapore","East Asia & Pacific","High income",82.895,2,1.04,12.691,100,91227.697,4.331,95.954
"SVK","Slovak Republic","Europe & Central Asia","High income",76.966,5.1,1.57,17.571,53.19,21317.794,7.702,89.068
"SVN","Slovenia","Europe & Central Asia","High income",81.283,1.9,1.55,20.881,55.338,28360.304,9.627,88.912
"SLB","Solomon Islands","East Asia & Pacific","Lower middle income",70.409,17.4,3.62,3.629,29.351,1877.781,4.824,28.017
"SOM","Somalia, Fed. Rep.","Sub-Saharan Africa ","Low income",53.931,89.2,6.255,2.542,53.501,573.141,2.847,27.6
"ZAF","South Africa","Sub-Saharan Africa ","Upper middle income",65.454,24.3,2.227,6.362,63.477,6534.249,8.745,78.293
"ESP","Spain","Europe & Central Asia","High income",83.134,2.6,1.16,20.188,79.955,30319.499,9.68,94.486
"LKA","Sri Lanka","South Asia","Upper middle income",77.3,5.5,1.984,11.382,19.988,3342.637,3.983,48.3
"KNA","St. Kitts and Nevis","Latin America & Caribbean ","High income",70.313,14.8,1.512,10.236,31.616,21011.574,5.526,75.762
"LCA","St. Lucia","Latin America & Caribbean ","Upper middle income",72.67,16.2,1.387,9.003,29.098,12976.149,4.748,66.952
"VCT","St. Vincent and the Grenadines","Latin America & Caribbean ","Upper middle income",71.191,11.1,1.791,11.243,47.586,9693.559,4.605,74.755
"SWE","Sweden","Europe & Central Asia","High income",83.059,2,1.53,20.342,88.404,54836.891,10.855,95.01
"CHE","Switzerland","Europe & Central Asia","High income",83.605,3.5,1.39,19.219,84.921,97809.096,11.599,96.453
"TJK","Tajikistan","Europe & Central Asia","Lower middle income",71.562,24.4,3.127,3.473,26.196,1052.179,7.629,48.914
"TZA","Tanzania","Sub-Saharan Africa ","Lower middle income",66.879,30.9,4.671,3.035,34.823,1207.521,3.135,26.861
"THA","Thailand","East Asia & Pacific","Upper middle income",75.291,8.2,1.221,14.097,59.742,6910.01,5.355,87.977
"TGO","Togo","Sub-Saharan Africa ","Lower middle income",62.292,37,4.253,3.614,42.733,1071.615,6.241,35.607
"TON","Tonga","East Asia & Pacific","Upper middle income",72.635,8.2,3.171,6.501,21.147,5298.019,7.953,61.607
"TTO","Trinidad and Tobago","Latin America & Caribbean ","High income",73.331,18,1.544,11.358,53.947,20750.52,6.644,81.698
"TUR","Turkiye","Europe & Central Asia","Upper middle income",77.591,8.5,1.63,9.72,89.038,10897.84,3.703,83.437
"UGA","Uganda","Sub-Saharan Africa ","Low income",67.675,36.5,4.388,2.115,29.925,963.067,4.451,9.637
"ARE","United Arab Emirates","Middle East, North Africa, Afghanistan & Pakistan","High income",80.487,4.2,1.148,1.64,85.515,50759.759,4.565,100
"GBR","United Kingdom","Europe & Central Asia","High income",81.011,4,1.56,18.93,83.075,47034.78,11.097,95.465
"USA","United States","North America","High income",77.434,5.5,1.657,16.92,80.032,78008.69,16.529,92.729
"URY","Uruguay","Latin America & Caribbean ","High income",76.468,6.1,1.425,15.613,95.498,21009.288,8.89,89.873
"UZB","Uzbekistan","Europe & Central Asia","Lower middle income",72.147,13.5,3.396,5.545,50.985,2698.603,6.617,83.9
"VEN","Venezuela, RB","Latin America & Caribbean ","Lower middle income",72.566,21.2,2.088,8.982,89.213,3155.042,4.55,75.822
"VNM","Viet Nam","East Asia & Pacific","Upper middle income",74.502,12.9,1.927,8.23,37.548,4147.698,4.538,78.59
"PSE","West Bank and Gaza","Middle East, North Africa, Afghanistan & Pakistan","Lower middle income",76.662,12.3,3.375,3.703,86.596,3799.955,9.706,88.647
"ZMB","Zambia","Sub-Saharan Africa ","Lower middle income",65.279,35.4,4.175,1.856,44.599,1447.123,5.21,15
"ZWE","Zimbabwe","Sub-Saharan Africa ","Lower middle income",62.36,61.6,3.767,3.608,38.706,2536.402,3.395,36.257
